t_sec,target_kbps,loss_based_kbps,delay_based_kbps,fraction_loss,rtt_ms
0.000,300,300,0,0,0
1.691,301,301,301,0,0
1.711,301,301,301,0,3
1.711,286,301,301,0,3
1.714,272,301,301,0,3
1.716,258,301,301,0,3
1.719,245,301,301,0,3
1.721,233,301,301,0,3
1.722,221,301,301,0,3
1.722,210,301,301,0,3
1.727,221,301,301,0,3
1.741,3794,3794,3794,0,2
1.751,3794,3794,3794,0,2
1.775,3794,3794,3794,0,4
1.792,3794,3794,3794,0,4
1.802,3794,3794,3794,0,4
1.824,3794,3794,3794,0,3
1.826,3794,3794,3794,0,3
1.842,3794,3794,3794,0,3
1.851,3794,3794,3794,0,3
1.876,3794,3794,3794,0,3
1.894,3794,3794,3794,0,6
1.901,3794,3794,3794,0,6
1.926,3794,3794,3794,0,2
1.943,3804,3804,3804,0,2
1.951,3804,3804,3804,0,2
1.976,3804,3804,3804,0,2
1.994,3804,3804,3804,0,2
2.001,3804,3804,3804,0,2
2.026,3804,3804,3804,0,2
2.037,3804,3804,3804,0,3
2.045,3804,3804,3804,0,3
2.050,3804,3804,3804,0,3
2.076,3804,3804,3804,0,3
2.095,3818,3818,3818,0,2
2.101,3818,3818,3818,0,2
2.125,3818,3818,3818,0,2
2.146,3818,3818,3818,0,2
2.151,3818,3818,3818,0,4
2.177,3818,3818,3818,0,3
2.197,3833,3833,3833,0,3
2.200,3833,3833,3833,0,3
2.212,3833,3833,3833,0,6
2.227,3833,3833,3833,0,6
2.247,3833,3833,3833,0,2
2.248,3849,3849,3849,0,2
2.251,3849,3849,3849,0,2
2.275,3849,3849,3849,0,3
2.299,3849,3849,3849,0,3
2.301,3849,3849,3849,0,3
2.326,3849,3849,3849,0,3
2.350,3864,3864,3864,0,2
2.351,3864,3864,3864,0,2
2.377,3864,3864,3864,0,2
2.400,3864,3864,3864,0,2
2.401,3864,3864,3864,0,3
2.427,3864,3864,3864,0,3
2.450,3864,3864,3864,0,2
2.452,3864,3864,3864,0,2
2.477,3864,3864,3864,0,2
2.492,3864,3864,3864,0,2
2.501,3864,3864,3864,0,2
2.502,3864,3864,3864,0,2
2.525,3864,3864,3864,0,2
2.528,3864,3864,3864,0,3
2.552,3864,3864,3864,0,3
2.552,3864,3864,3864,0,3
2.576,3864,3864,3864,0,3
2.600,3864,3864,3864,0,3
2.600,3864,3864,3864,0,2
2.603,3864,3864,3864,0,2
2.626,3864,3864,3864,0,2
2.651,3864,3864,3864,0,2
2.654,3864,3864,3864,0,2
2.669,3864,3864,3864,0,3
2.677,3864,3864,3864,0,3
2.700,3864,3864,3864,0,3
2.704,3864,3864,3864,0,3
2.705,3864,3864,3864,0,2
2.727,3864,3864,3864,0,2
2.738,3864,3864,3864,0,3
2.750,3864,3864,3864,0,3
2.754,3864,3864,3864,0,3
2.773,3864,3864,3864,0,2
2.777,3864,3864,3864,0,2
2.802,3864,3864,3864,0,2
2.804,3864,3864,3864,0,2
2.826,3864,3864,3864,0,3
2.850,3864,3864,3864,0,3
2.854,3864,3864,3864,0,3
2.877,3864,3864,3864,0,3
2.880,3864,3864,3864,0,2
2.901,3864,3864,3864,0,2
2.904,3864,3864,3864,0,2
2.915,3864,3864,3864,0,2
2.925,3864,3864,3864,0,2
2.949,3864,3864,3864,0,3
2.951,3864,3864,3864,0,3
2.954,3874,3874,3874,0,3
2.977,3874,3874,3874,0,6
3.001,3874,3874,3874,0,6
3.005,3874,3874,3874,0,6
3.020,3874,3874,3874,0,2
3.027,3874,3874,3874,0,2
3.050,3874,3874,3874,0,2
3.056,3874,3874,3874,0,2
3.076,3874,3874,3874,0,2
3.102,3874,3874,3874,0,2
3.107,3874,3874,3874,0,4
3.125,3874,3874,3874,0,4
3.151,3874,3874,3874,0,2
3.157,3874,3874,3874,0,2
3.176,3874,3874,3874,0,2
3.201,3874,3874,3874,0,2
3.208,3874,3874,3874,0,2
3.227,3874,3874,3874,0,2
3.251,3874,3874,3874,0,2
3.258,3874,3874,3874,0,2
3.276,3874,3874,3874,0,2
3.300,3874,3874,3874,0,2
3.310,3874,3874,3874,0,2
3.327,3874,3874,3874,0,2
3.351,3874,3874,3874,0,3
3.360,3889,3889,3889,0,3
3.376,3889,3889,3889,0,3
3.401,3889,3889,3889,0,3
3.406,3889,3889,3889,0,2
3.411,3889,3889,3889,0,2
3.425,3889,3889,3889,0,2
3.443,3889,3889,3889,0,3
3.451,3889,3889,3889,0,3
3.461,3891,3891,3891,0,3
3.476,3891,3891,3891,0,3
3.502,3891,3891,3891,0,3
3.512,3891,3891,3891,0,2
3.526,3891,3891,3891,0,2
3.551,3891,3891,3891,0,2
3.562,3891,3891,3891,0,2
3.576,3891,3891,3891,0,2
3.601,3891,3891,3891,0,2
3.613,3891,3891,3891,0,2
3.626,3891,3891,3891,0,2
3.651,3891,3891,3891,0,6
3.664,3891,3891,3891,0,6
3.676,3891,3891,3891,0,2
3.702,3891,3891,3891,0,2
3.714,3891,3891,3891,0,2
3.726,3891,3891,3891,0,2
3.751,3891,3891,3891,0,3
3.758,3891,3891,3891,0,2
3.764,3891,3891,3891,0,2
3.775,3891,3891,3891,0,2
3.801,3891,3891,3891,0,2
3.814,3891,3891,3891,0,2
3.826,3891,3891,3891,0,2
3.830,3891,3891,3891,0,3
3.852,3891,3891,3891,0,3
3.863,3891,3891,3891,0,2
3.865,3891,3891,3891,0,2
3.875,3891,3891,3891,0,2
3.898,3891,3891,3891,0,2
3.901,3891,3891,3891,0,2
3.916,3891,3891,3891,0,2
3.926,3891,3891,3891,0,3
3.952,3891,3891,3891,0,2
3.966,3891,3891,3891,0,2
3.976,3891,3891,3891,0,2
4.001,3891,3891,3891,0,2
4.005,3891,3891,3891,0,3
4.016,3891,3891,3891,0,3
4.026,3891,3891,3891,0,3
4.040,3891,3891,3891,0,2
4.051,3891,3891,3891,0,2
4.066,3891,3891,3891,0,2
4.076,3891,3891,3891,0,2
4.102,3891,3891,3891,0,2
4.111,3891,3891,3891,0,5
4.117,3891,3891,3891,0,5
4.126,3891,3891,3891,0,5
4.146,3891,3891,3891,0,2
4.150,3891,3891,3891,0,2
4.168,3906,3906,3906,0,2
4.176,3906,3906,3906,0,5
4.201,3906,3906,3906,0,3
4.217,3921,3921,3921,0,3
4.227,3921,3921,3921,0,3
4.251,3921,3921,3921,0,3
4.267,3936,3936,3936,0,2
4.276,3936,3936,3936,0,2
4.302,3936,3936,3936,0,2
4.319,3952,3952,3952,0,2
4.326,3952,3952,3952,0,2
4.350,3952,3952,3952,0,2
4.357,3952,3952,3952,0,3
4.369,3967,3967,3967,0,3
4.377,3967,3967,3967,0,3
4.400,3967,3967,3967,0,2
4.420,3967,3967,3967,0,2
4.427,3967,3967,3967,0,2
4.450,3967,3967,3967,0,2
4.471,3967,3967,3967,0,2
4.476,3967,3967,3967,0,3
4.501,3967,3967,3967,0,3
4.522,3983,3983,3983,0,3
4.526,3983,3983,3983,0,3
4.551,3983,3983,3983,0,2
4.574,3983,3983,3983,0,2
4.576,3983,3983,3983,0,2
4.601,3983,3983,3983,0,3
4.624,3983,3983,3983,0,2
4.626,3983,3983,3983,0,2
4.652,3983,3983,3983,0,2
4.675,3983,3983,3983,0,2
4.675,3983,3983,3983,0,2
4.701,3983,3983,3983,0,2
4.726,3983,3983,3983,0,2
4.726,3998,3998,3998,0,2
4.748,3998,3998,3998,0,3
4.752,3998,3998,3998,0,3
4.776,4014,4014,4014,0,11
4.776,4014,4014,4014,0,11
4.801,4014,4014,4014,0,2
4.827,4014,4014,4014,0,4
4.828,4014,4014,4014,0,4
4.850,4014,4014,4014,0,4
4.877,4014,4014,4014,0,4
4.877,4029,4029,4029,0,2
4.900,4029,4029,4029,0,2
4.923,4029,4029,4029,0,6
4.927,4029,4029,4029,0,6
4.928,4029,4029,4029,0,6
4.951,4029,4029,4029,0,6
4.976,4029,4029,4029,0,2
4.978,4045,4045,4045,0,2
5.001,4045,4045,4045,0,2
5.027,4045,4045,4045,0,2
5.029,4061,4061,4061,0,2
5.050,4061,4061,4061,0,8
5.076,4061,4061,4061,0,3
5.080,4077,4077,4077,0,3
5.099,4077,4077,4077,0,2
5.102,4077,4077,4077,0,2
5.126,4077,4077,4077,0,2
5.129,4092,4092,4092,0,2
5.152,4092,4092,4092,0,3
5.175,4092,4092,4092,0,3
5.180,4108,4108,4108,0,3
5.201,4108,4108,4108,0,3
5.206,4108,4108,4108,0,6
5.227,4108,4108,4108,0,6
5.230,4124,4124,4124,0,6
5.239,4124,4124,4124,0,6
5.251,4124,4124,4124,0,6
5.274,4124,4124,4124,0,2
5.275,4124,4124,4124,0,2
5.281,4124,4124,4124,0,2
5.301,4124,4124,4124,0,2
5.325,4124,4124,4124,0,2
5.332,4140,4140,4140,0,1
5.352,4140,4140,4140,0,1
5.376,4140,4140,4140,0,8
5.382,4156,4156,4156,0,8
5.402,4156,4156,4156,0,3
5.426,4156,4156,4156,0,2
5.432,4173,4173,4173,0,2
5.451,4173,4173,4173,0,8
5.451,4173,4173,4173,0,8
5.477,4173,4173,4173,0,8
5.482,4189,4189,4189,0,8
5.501,4189,4189,4189,0,3
5.525,4189,4189,4189,0,3
5.533,4205,4205,4205,0,3
5.552,4205,4205,4205,0,3
5.557,4205,4205,4205,0,2
5.576,4205,4205,4205,0,2
5.584,4222,4222,4222,0,2
5.602,4222,4222,4222,0,2
5.626,4222,4222,4222,0,2
5.633,4222,4222,4222,0,2
5.652,4222,4222,4222,0,2
5.675,4222,4222,4222,0,5
5.684,4238,4238,4238,0,5
5.702,4238,4238,4238,0,5
5.726,4238,4238,4238,0,9
5.734,4254,4254,4254,0,9
5.750,4254,4254,4254,0,3
5.767,4254,4254,4254,0,2
5.776,4254,4254,4254,0,2
5.785,4271,4271,4271,0,2
5.801,4271,4271,4271,0,3
5.827,4271,4271,4271,0,3
5.836,4288,4288,4288,0,6
5.851,4288,4288,4288,0,6
5.873,4288,4288,4288,0,3
5.875,4288,4288,4288,0,3
5.887,4305,4305,4305,0,3
5.901,4305,4305,4305,0,2
5.927,4305,4305,4305,0,2
5.938,4322,4322,4322,0,2
5.950,4322,4322,4322,0,2
5.977,4322,4322,4322,0,2
5.988,4339,4339,4339,0,2
6.001,4339,4339,4339,0,6
6.026,4339,4339,4339,0,6
6.040,4356,4356,4356,0,6
6.051,4356,4356,4356,0,6
6.077,4356,4356,4356,0,5
6.089,4356,4356,4356,0,5
6.101,4356,4356,4356,0,7
6.125,4356,4356,4356,0,7
6.139,4373,4373,4373,0,7
6.152,4373,4373,4373,0,7
6.155,4373,4373,4373,0,5
6.175,4373,4373,4373,0,5
6.190,4390,4390,4390,0,11
6.201,4390,4390,4390,0,11
6.224,4390,4390,4390,0,2
6.226,4390,4390,4390,0,2
6.239,4406,4406,4406,0,2
6.252,4406,4406,4406,0,2
6.276,4406,4406,4406,0,10
6.290,4424,4424,4424,0,10
6.302,4424,4424,4424,0,10
6.326,4424,4424,4424,0,14
6.341,4441,4441,4441,0,2
6.350,4441,4441,4441,0,2
6.365,4441,4441,4441,0,3
6.376,4441,4441,4441,0,3
6.391,4458,4458,4458,0,3
6.402,4458,4458,4458,0,3
6.425,4458,4458,4458,0,3
6.442,4458,4458,4458,0,3
6.452,4458,4458,4458,0,3
6.472,4458,4458,4458,0,2
6.476,4458,4458,4458,0,2
6.493,4476,4476,4476,0,2
6.500,4476,4476,4476,0,2
6.508,4476,4476,4476,0,12
6.527,4476,4476,4476,0,12
6.542,4476,4476,4476,0,5
6.544,4493,4493,4493,0,5
6.551,4493,4493,4493,0,2
6.576,4493,4493,4493,0,2
6.594,4511,4511,4511,0,2
6.602,4511,4511,4511,0,2
6.625,4511,4511,4511,0,15
6.644,4528,4528,4528,0,15
6.651,4528,4528,4528,0,2
6.677,4528,4528,4528,0,14
6.695,4546,4546,4546,0,14
6.701,4546,4546,4546,0,8
6.725,4546,4546,4546,0,8
6.746,4564,4564,4564,0,8
6.752,4564,4564,4564,0,8
6.775,4564,4564,4564,0,4
6.789,4564,4564,4564,0,11
6.797,4564,4564,4564,0,11
6.802,4564,4564,4564,0,11
6.825,4564,4564,4564,0,13
6.825,4564,4564,4564,0,13
6.847,4582,4582,4582,0,13
6.852,4582,4582,4582,0,3
6.876,4582,4582,4582,0,3
6.894,4582,4582,4582,0,3
6.898,4582,4582,4582,0,3
6.901,4582,4582,4582,0,3
6.927,4582,4582,4582,0,2
6.948,4600,4600,4600,0,2
6.951,4600,4600,4600,0,2
6.975,4600,4600,4600,0,2
7.000,4600,4600,4600,0,2
7.000,4618,4618,4618,0,2
7.026,4618,4618,4618,0,2
7.050,4636,4636,4636,0,2
7.052,4636,4636,4636,0,2
7.077,4636,4636,4636,0,2
7.101,4636,4636,4636,0,16
7.102,4654,4654,4654,0,16
7.126,4654,4654,4654,0,2
7.151,4654,4654,4654,0,2
7.151,4672,4672,4672,0,2
7.176,4672,4672,4672,0,2
7.201,4672,4672,4672,0,2
7.202,4690,4690,4690,0,2
7.226,4690,4690,4690,0,2
7.246,4690,4690,4690,0,3
7.247,4690,4690,4690,0,2
7.250,4690,4690,4690,0,2
7.252,4690,4690,4690,0,2
7.276,4690,4690,4690,0,2
7.301,4690,4690,4690,0,2
7.303,4708,4708,4708,0,2
7.317,4708,4708,4708,0,2
7.327,4708,4708,4708,0,2
7.351,4708,4708,4708,0,2
7.354,4727,4727,4727,0,2
7.376,4727,4727,4727,0,2
7.387,4727,4727,4727,0,3
7.400,4727,4727,4727,0,3
7.405,4746,4746,4746,0,2
7.427,4746,4746,4746,0,2
7.450,4746,4746,4746,0,16
7.456,4764,4764,4764,0,16
7.476,4764,4764,4764,0,16
7.495,4764,4764,4764,0,2
7.501,4764,4764,4764,0,2
7.506,6022,6022,8640,0,2
7.527,6022,6022,8640,0,2
7.550,6022,6022,8640,0,12
7.557,8640,8640,8640,0,12
7.577,8640,8640,8640,0,2
7.600,8640,8640,8640,0,2
7.607,8640,8640,8640,0,2
7.626,8640,8640,8640,0,2
7.650,8640,8640,8640,0,2
7.659,8640,8640,8674,0,4
7.676,8640,8640,8674,0,4
7.702,8640,8640,8674,0,10
7.708,8640,8640,8707,0,10
7.726,8640,8640,8707,0,10
7.741,8640,8640,8707,0,23
7.752,8640,8640,8707,0,23
7.759,8640,8640,8707,0,23
7.776,8640,8640,8707,0,4
7.802,8640,8640,8707,0,5
7.809,8741,8741,8741,0,5
7.825,8741,8741,8741,0,5
7.847,8741,8741,8741,0,5
7.851,8741,8741,8741,0,5
7.860,8741,8741,8741,0,5
7.877,8741,8741,8741,0,17
7.901,8741,8741,8741,0,15
7.911,8776,8776,8776,0,15
7.926,8776,8776,8776,0,15
7.951,8776,8776,8776,0,3
7.960,8776,8776,8776,0,3
7.975,8776,8776,8776,0,2
8.001,8776,8776,8776,0,2
8.011,8810,8810,8810,0,2
8.021,8810,8810,8810,0,28
8.026,8810,8810,8810,0,28
8.051,8810,8810,8810,0,5
8.062,8810,8810,8810,0,5
8.076,8810,8810,8810,0,5
8.093,8810,8810,8810,0,2
8.101,8810,8810,8810,0,2
8.114,8810,8810,8810,0,2
8.125,8810,8810,8810,0,2
8.131,8810,8810,8810,0,2
8.152,8810,8810,8810,0,3
8.164,8844,8844,8844,0,3
8.165,8844,8844,8844,0,4
8.176,8844,8844,8844,0,4
8.198,8844,8844,8844,0,4
8.200,8844,8844,8844,0,4
8.214,8844,8844,8844,0,4
8.227,8844,8844,8844,0,3
8.250,8844,8844,8844,0,3
8.265,8879,8879,8879,0,3
8.276,8879,8879,8879,0,3
8.302,8879,8879,8879,0,4
8.316,8879,8879,8879,0,8
8.325,8879,8879,8879,0,8
8.352,8879,8879,8879,0,7
8.367,8914,8914,8914,0,7
8.375,8914,8914,8914,0,7
8.402,8914,8914,8914,0,2
8.416,8948,8948,8948,0,2
8.426,8948,8948,8948,0,2
8.447,8948,8948,8948,0,2
8.450,8948,8948,8948,0,2
8.467,8983,8983,8983,0,2
8.477,8983,8983,8983,0,31
8.500,8983,8983,8983,0,31
8.516,8983,8983,8983,0,26
8.518,9018,9018,9018,0,26
8.526,9018,9018,9018,0,26
8.551,9018,9018,9018,0,24
8.568,4317,4317,4317,0,13
8.577,4317,4317,4317,0,13
8.601,4317,4317,4317,0,27
8.619,4317,4317,4317,0,27
8.626,4317,4317,4317,0,27
8.652,4317,4317,4317,0,19
8.656,4317,4317,4317,0,17
8.669,4317,4317,4317,0,17
8.675,4317,4317,4317,0,17
8.701,4317,4317,4317,0,17
8.719,4333,4333,4333,0,11
8.726,4333,4333,4333,0,6
8.752,4333,4333,4333,0,6
8.769,4350,4350,4350,0,6
8.776,4350,4350,4350,0,2
8.801,4350,4350,4350,0,2
8.820,4367,4367,4367,0,2
8.827,4367,4367,4367,0,2
8.850,4367,4367,4367,0,2
8.871,4384,4384,4384,0,3
8.877,4384,4384,4384,0,3
8.901,4384,4384,4384,0,2
8.922,4401,4401,4401,0,2
8.926,4401,4401,4401,0,2
8.938,4401,4401,4401,0,2
8.952,4401,4401,4401,0,2
8.972,4401,4401,4401,0,3
8.973,4419,4419,4419,0,3
8.976,4419,4419,4419,0,3
9.001,4419,4419,4419,0,2
9.023,4436,4436,4436,0,2
9.026,4436,4436,4436,0,2
9.050,4436,4436,4436,0,2
9.073,4453,4453,4453,0,2
9.077,4453,4453,4453,0,2
9.100,4453,4453,4453,0,2
9.112,4453,4453,4453,0,3
9.124,4470,4470,4470,0,3
9.127,4470,4470,4470,0,3
9.147,4470,4470,4470,0,2
9.150,4470,4470,4470,0,2
9.175,4488,4488,4488,0,2
9.177,4488,4488,4488,0,2
9.201,4488,4488,4488,0,3
9.225,4488,4488,4488,0,3
9.226,4506,4506,4506,0,3
9.251,4506,4506,4506,0,2
9.277,4506,4506,4506,0,2
9.277,4523,4523,4523,0,2
9.287,4523,4523,4523,0,3
9.300,4523,4523,4523,0,3
9.324,4523,4523,4523,0,7
9.327,4523,4523,4523,0,7
9.327,4541,4541,4541,0,7
9.351,4541,4541,4541,0,7
9.376,4541,4541,4541,0,8
9.377,4558,4558,4558,0,8
9.402,4558,4558,4558,0,3
9.425,4558,4558,4558,0,2
9.428,4558,4558,4558,0,2
9.451,4558,4558,4558,0,5
9.475,4558,4558,4558,0,5
9.478,4576,4576,4576,0,5
9.497,4576,4576,4576,0,2
9.501,4576,4576,4576,0,2
9.527,4576,4576,4576,0,2
9.528,9660,9660,9660,0,2
9.550,9660,9660,9660,0,3
9.576,9660,9660,9660,0,3
9.579,9660,9660,9660,0,3
9.601,9660,9660,9660,0,2
9.627,9660,9660,9660,0,2
9.629,9660,9660,9660,0,2
9.651,9660,9660,9660,0,2
9.675,9660,9660,9660,0,17
9.676,9660,9660,9660,0,17
9.680,9660,9660,9660,0,17
9.701,9660,9660,9660,0,17
9.726,9660,9660,9660,0,2
9.731,9660,9660,9660,0,2
9.746,9660,9660,9660,0,2
9.751,9660,9660,9660,0,2
9.776,9660,9660,9660,0,2
9.783,9699,9699,9699,0,2
9.800,9699,9699,9699,0,3
9.826,9699,9699,9699,0,3
9.832,9699,9699,9699,0,2
9.850,9699,9699,9699,0,2
9.876,9699,9699,9699,0,23
9.883,9737,9737,9737,0,11
9.902,9737,9737,9737,0,11
9.926,9737,9737,9737,0,11
9.934,9737,9737,9737,0,11
9.951,9737,9737,9737,0,6
9.976,9737,9737,9737,0,18
9.985,9774,9774,9774,0,18
10.001,9774,9774,9774,0,18
10.027,9774,9774,9774,0,2
10.035,9774,9774,9774,0,2
10.051,9774,9774,9774,0,3
10.077,9774,9774,9774,0,3
10.086,9774,9774,9774,0,3
10.099,9774,9774,9774,0,9
10.100,9774,9774,9774,0,9
10.127,9774,9774,9774,0,10
10.137,9814,9814,9814,0,10
10.151,9814,9814,9814,0,20
10.175,9814,9814,9814,0,20
10.187,9814,9814,9814,0,16
10.202,9814,9814,9814,0,7
10.226,9814,9814,9814,0,7
10.239,9853,9853,9853,0,7
10.251,9853,9853,9853,0,7
10.275,9853,9853,9853,0,19
10.288,9890,9890,9890,0,19
10.302,9890,9890,9890,0,19
10.310,9890,9890,9890,0,29
10.326,9890,9890,9890,0,29
10.339,9929,9929,9929,0,29
10.345,9929,9929,9929,0,12
10.351,9929,9929,9929,0,12
10.376,9929,9929,9929,0,12
10.381,9929,9929,9929,0,14
10.390,9929,9929,9929,0,14
10.402,9929,9929,9929,0,15
10.426,9929,9929,9929,0,15
10.440,9929,9929,9929,0,8
10.451,9929,9929,9929,0,8
10.475,9929,9929,9929,0,2
10.491,9929,9929,9929,0,2
10.502,9929,9929,9929,0,16
10.525,9929,9929,9929,0,16
10.542,9929,9929,9929,0,21
10.550,9929,9929,9929,0,21
10.576,9929,9929,9929,0,30
10.593,9968,9968,9968,0,30
10.602,9968,9968,9968,0,7
10.625,9968,9968,9968,0,7
10.628,9968,9968,9968,0,7
10.643,9968,9968,9968,0,7
10.651,9968,9968,9968,0,2
10.677,9968,9968,9968,0,2
10.695,10008,10008,10008,0,3
10.701,10008,10008,10008,0,3
10.726,10008,10008,10008,0,14
10.734,10008,10008,10008,0,14
10.744,10046,10046,10046,0,14
10.751,10046,10046,10046,0,14
10.770,10046,10046,10046,0,29
10.776,10046,10046,10046,0,29
10.794,10085,10085,10085,0,13
10.801,10085,10085,10085,0,13
10.826,10085,10085,10085,0,13
10.839,10085,10085,10085,0,4
10.845,10085,10085,10085,0,4
10.851,10085,10085,10085,0,4
10.874,10085,10085,10085,0,13
10.876,10085,10085,10085,0,13
10.895,10085,10085,10085,0,13
10.902,10085,10085,10085,0,13
10.926,10085,10085,10085,0,13
10.945,10085,10085,10085,0,19
10.947,10125,10125,10125,0,19
10.950,10125,10125,10125,0,19
10.977,10125,10125,10125,0,2
10.996,10125,10125,10125,0,2
11.001,10125,10125,10125,0,2
11.027,10125,10125,10125,0,4
11.047,10165,10165,10165,0,4
11.050,10165,10165,10165,0,4
11.077,10165,10165,10165,0,2
11.097,10165,10165,10165,0,2
11.101,10165,10165,10165,0,2
11.121,10165,10165,10165,0,5
11.125,10165,10165,10165,0,5
11.147,10204,10204,10204,0,2
11.152,10204,10204,10204,0,2
11.159,10204,10204,10204,0,6
11.177,10204,10204,10204,0,6
11.199,10245,10245,10245,0,6
11.202,10245,10245,10245,0,6
11.225,10245,10245,10245,0,24
11.249,10245,10245,10245,0,24
11.252,10245,10245,10245,0,24
11.262,10245,10245,10245,0,24
11.276,10245,10245,10245,0,24
11.298,10245,10245,10245,0,41
11.300,10284,10284,10284,0,41
11.301,10284,10284,10284,0,41
11.327,10284,10284,10284,0,2
11.334,10284,10284,10284,0,2
11.351,10284,10284,10284,0,2
11.351,10284,10284,10284,0,2
11.367,10284,10284,10284,0,2
11.377,10284,10284,10284,0,2
11.401,10284,10284,10284,0,7
11.401,10284,10284,10284,0,7
11.425,10284,10284,10284,0,24
11.452,10284,10284,10284,0,24
11.452,10284,10284,10284,0,24
11.472,10284,10284,10284,0,21
11.476,10284,10284,10284,0,21
11.501,10284,10284,10284,0,17
11.501,10285,10285,10285,0,17
11.526,10285,10285,10285,0,3
11.551,10285,10285,10285,0,3
11.551,10285,10285,10285,0,3
11.576,10285,10285,10285,0,4
11.579,10285,10285,10285,0,15
11.600,10285,10285,10285,0,15
11.601,10285,10285,10285,0,15
11.617,10285,10285,10285,0,15
11.626,10285,10285,10285,0,15
11.649,10285,10285,10285,0,23
11.651,10285,10285,10285,0,23
11.652,10325,10325,10325,0,23
11.677,10325,10325,10325,0,23
11.701,10325,10325,10325,0,42
11.704,10325,10325,10325,0,42
11.718,10325,10325,10325,0,19
11.726,10325,10325,10325,0,19
11.751,10325,10325,10325,0,13
11.753,10365,10365,10365,0,13
11.757,10365,10365,10365,0,4
11.776,10365,10365,10365,0,4
11.790,10365,10365,10365,0,3
11.801,10365,10365,10365,0,3
11.805,10365,10365,10365,0,3
11.826,10365,10365,10365,0,2
11.827,10365,10365,10365,0,2
11.852,10365,10365,10365,0,2
11.855,7844,7844,7844,0,2
11.860,7844,7844,7844,0,3
11.875,7844,7844,7844,0,3
11.897,7844,7844,7844,0,37
11.901,7844,7844,7844,0,37
11.905,7844,7844,7844,0,37
11.926,7844,7844,7844,0,6
11.951,7844,7844,7844,0,6
11.956,7874,7874,7874,0,6
11.966,7874,7874,7874,0,9
11.977,7874,7874,7874,0,9
12.000,7874,7874,7874,0,2
12.006,7905,7905,7905,0,15
12.027,7905,7905,7905,0,15
12.051,7905,7905,7905,0,17
12.057,7905,7905,7905,0,17
12.074,7905,7905,7905,0,17
12.077,7905,7905,7905,0,17
12.100,7905,7905,7905,0,2
12.108,7906,7906,7906,0,2
12.127,7906,7906,7906,0,2
12.152,7906,7906,7906,0,12
12.159,7906,7906,7906,0,12
12.176,7906,7906,7906,0,12
12.201,7906,7906,7906,0,18
12.209,7907,7907,7907,0,18
12.226,7907,7907,7907,0,5
12.252,7907,7907,7907,0,5
12.261,7907,7907,7907,0,15
12.276,7907,7907,7907,0,15
12.302,7907,7907,7907,0,13
12.310,7937,7937,7937,0,13
12.325,7937,7937,7937,0,13
12.352,7937,7937,7937,0,9
12.361,7968,7968,7968,0,9
12.376,7968,7968,7968,0,17
12.401,7968,7968,7968,0,17
12.411,7999,7999,7999,0,3
12.427,7999,7999,7999,0,3
12.451,7999,7999,7999,0,2
12.461,8030,8030,8030,0,2
12.475,8030,8030,8030,0,2
12.493,8030,8030,8030,0,18
12.501,8030,8030,8030,0,5
12.513,8062,8062,8062,0,5
12.526,8062,8062,8062,0,5
12.551,8062,8062,8062,0,2
12.562,8092,8092,8092,0,2
12.577,8092,8092,8092,0,2
12.600,8092,8092,8092,0,30
12.613,8124,8124,8124,0,30
12.626,8124,8124,8124,0,16
12.650,8124,8124,8124,0,16
12.663,8124,8124,8124,0,14
12.677,8124,8124,8124,0,14
12.701,8124,8124,8124,0,14
12.713,8124,8124,8124,0,14
12.727,8124,8124,8124,0,14
12.741,8124,8124,8124,0,20
12.751,8124,8124,8124,0,20
12.765,8125,8125,8125,0,20
12.776,8125,8125,8125,0,20
12.800,8125,8125,8125,0,16
12.811,8125,8125,8125,0,16
12.815,8125,8125,8125,0,16
12.826,8125,8125,8125,0,16
12.847,8125,8125,8125,0,14
12.851,8125,8125,8125,0,14
12.867,8125,8125,8125,0,14
12.876,8125,8125,8125,0,2
12.902,8125,8125,8125,0,2
12.917,8125,8125,8125,0,3
12.918,8156,8156,8156,0,3
12.925,8156,8156,8156,0,3
12.952,8156,8156,8156,0,2
12.969,8156,8156,8156,0,2
12.976,8156,8156,8156,0,2
13.002,8156,8156,8156,0,2
13.019,8188,8188,8188,0,18
13.025,8188,8188,8188,0,18
13.051,8188,8188,8188,0,18
13.058,8188,8188,8188,0,38
13.069,8188,8188,8188,0,38
13.077,8188,8188,8188,0,38
13.100,8188,8188,8188,0,7
13.119,8219,8219,8219,0,6
13.125,8219,8219,8219,0,6
13.151,8219,8219,8219,0,13
13.170,8219,8219,8219,0,13
13.177,8219,8219,8219,0,13
13.199,8219,8219,8219,0,5
13.200,8219,8219,8219,0,5
13.221,8252,8252,8252,0,5
13.226,8252,8252,8252,0,4
13.252,8252,8252,8252,0,4
13.270,8252,8252,8252,0,21
13.271,8283,8283,8283,0,21
13.276,8283,8283,8283,0,21
13.301,8283,8283,8283,0,22
13.321,8283,8283,8283,0,22
13.327,8283,8283,8283,0,20
13.352,8283,8283,8283,0,20
13.372,8315,8315,8315,0,21
13.375,8315,8315,8315,0,21
13.402,8315,8315,8315,0,16
13.422,8315,8315,8315,0,16
13.426,8315,8315,8315,0,16
13.450,8315,8315,8315,0,8
13.451,8315,8315,8315,0,8
13.473,8348,8348,8348,0,8
13.477,8348,8348,8348,0,8
13.482,8348,8348,8348,0,8
13.500,8348,8348,8348,0,8
13.517,8348,8348,8348,0,25
13.523,8348,8348,8348,0,25
13.527,8348,8348,8348,0,25
13.551,8348,8348,8348,0,17
13.573,8381,8381,8381,0,2
13.577,8381,8381,8381,0,2
13.589,8381,8381,8381,0,9
13.601,8381,8381,8381,0,9
13.623,8381,8381,8381,0,9
13.624,8414,8414,8414,0,9
13.626,8414,8414,8414,0,9
13.652,8414,8414,8414,0,5
13.675,8414,8414,8414,0,2
13.675,8414,8414,8414,0,2
13.702,8414,8414,8414,0,2
13.726,8447,8447,8447,0,2
13.726,8447,8447,8447,0,2
13.733,8447,8447,8447,0,8
13.752,8447,8447,8447,0,8
13.766,8447,8447,8447,0,9
13.776,8447,8447,8447,0,9
13.776,8447,8447,8447,0,9
13.801,8447,8447,8447,0,2
13.826,8447,8447,8447,0,2
13.827,8480,8480,8480,0,2
13.851,8480,8480,8480,0,2
13.874,8480,8480,8480,0,8
13.877,8480,8480,8480,0,8
13.877,8513,8513,8513,0,8
13.900,8513,8513,8513,0,8
13.927,8513,8513,8513,0,11
13.928,8513,8513,8513,0,11
13.951,8513,8513,8513,0,11
13.975,8513,8513,8513,0,11
13.978,8546,8546,8546,0,11
14.001,8546,8546,8546,0,10
14.014,8546,8546,8546,0,11
14.026,8546,8546,8546,0,11
14.029,8546,8546,8546,0,11
14.050,8546,8546,8546,0,18
14.051,8546,8546,8546,0,18
14.076,8546,8546,8546,0,18
14.080,8580,8580,8580,0,18
14.100,8580,8580,8580,0,18
14.120,8580,8580,8580,0,11
14.127,8580,8580,8580,0,11
14.130,8580,8580,8580,0,11
14.152,8580,8580,8580,0,11
14.176,8580,8580,8580,0,12
14.181,8613,8613,8613,0,6
14.200,8613,8613,8613,0,6
14.226,8613,8613,8613,0,6
14.231,8613,8613,8613,0,6
14.251,8613,8613,8613,0,5
14.277,8613,8613,8613,0,5
14.281,8613,8613,8613,0,11
14.301,8613,8613,8613,0,11
14.325,8613,8613,8613,0,11
14.332,8647,8647,8647,0,11
14.351,8647,8647,8647,0,7
14.376,8647,8647,8647,0,7
14.383,8647,8647,8647,0,7
14.401,8647,8647,8647,0,5
14.426,8647,8647,8647,0,5
14.433,8680,8680,8680,0,5
14.450,8680,8680,8680,0,5
14.473,8680,8680,8680,0,16
14.476,8680,8680,8680,0,16
14.484,8680,8680,8680,0,21
14.501,8680,8680,8680,0,21
14.526,8680,8680,8680,0,5
14.535,8715,8715,8715,0,5
14.551,8715,8715,8715,0,5
14.577,8715,8715,8715,0,5
14.579,8715,8715,8715,0,4
14.586,8715,8715,8715,0,4
14.600,8715,8715,8715,0,3
14.627,8715,8715,8715,0,3
14.637,8715,8715,8715,0,3
14.650,8715,8715,8715,0,2
14.677,8715,8715,8715,0,2
14.685,8715,8715,8715,0,2
14.686,8748,8748,8748,0,2
14.701,8748,8748,8748,0,2
14.719,8748,8748,8748,0,3
14.726,8748,8748,8748,0,3
14.736,8748,8748,8748,0,3
14.751,8748,8748,8748,0,3
14.775,8748,8748,8748,0,22
14.787,8782,8782,8782,0,22
14.802,8782,8782,8782,0,22
14.826,8782,8782,8782,0,2
14.838,8782,8782,8782,0,2
14.851,8782,8782,8782,0,2
14.877,8782,8782,8782,0,3
14.889,8816,8816,8816,0,3
14.901,8816,8816,8816,0,3
14.925,8816,8816,8816,0,27
14.938,8816,8816,8816,0,27
14.951,8816,8816,8816,0,3
14.977,8816,8816,8816,0,3
14.989,8851,8851,8851,0,2
15.001,8851,8851,8851,0,2
15.025,8851,8851,8851,0,2
15.040,8851,8851,8851,0,2
15.052,8851,8851,8851,0,3
15.076,8851,8851,8851,0,3
15.090,8851,8851,8851,0,2
15.101,8851,8851,8851,0,2
15.106,8851,8851,8851,0,2
15.126,8851,8851,8851,0,2
15.141,8886,8886,8886,0,2
15.151,8886,8886,8886,0,2
15.177,8886,8886,8886,0,2
15.191,8886,8886,8886,0,2
15.201,8886,8886,8886,0,2
15.213,8886,8886,8886,0,2
15.226,8886,8886,8886,0,2
15.241,8921,8921,8921,0,2
15.248,8921,8921,8921,0,2
15.251,8921,8921,8921,0,2
15.276,8921,8921,8921,0,3
15.293,8921,8921,8921,0,3
15.300,8921,8921,8921,0,2
15.327,8921,8921,8921,0,2
15.344,8955,8955,8955,0,3
15.351,8955,8955,8955,0,3
15.376,8955,8955,8955,0,29
15.394,8990,8990,8990,0,33
15.402,8990,8990,8990,0,33
15.423,8990,8990,8990,0,25
15.425,8990,8990,8990,0,25
15.445,8990,8990,8990,0,25
15.452,8990,8990,8990,0,24
15.476,8990,8990,8990,0,22
15.495,9025,9025,9025,0,22
15.500,9025,9025,9025,0,22
15.527,9025,9025,9025,0,2
15.545,9025,9025,9025,0,2
15.552,9025,9025,9025,0,2
15.565,9025,9025,9025,0,2
15.576,9025,9025,9025,0,2
15.596,9060,9060,9060,0,2
15.602,9060,9060,9060,0,2
15.626,9060,9060,9060,0,30
15.646,9060,9060,9060,0,16
15.651,9060,9060,9060,0,16
15.677,9060,9060,9060,0,16
15.696,9096,9096,9096,0,27
15.702,9096,9096,9096,0,27
15.726,9096,9096,9096,0,15
15.743,9096,9096,9096,0,18
15.747,9096,9096,9096,0,18
15.750,9096,9096,9096,0,18
15.776,9096,9096,9096,0,18
15.778,9096,9096,9096,0,19
15.797,9096,9096,9096,0,19
15.801,9096,9096,9096,0,19
15.813,9096,9096,9096,0,19
15.827,9096,9096,9096,0,19
15.849,9096,9096,9096,0,19
15.851,9096,9096,9096,0,19
15.875,9096,9096,9096,0,39
15.899,9131,9131,9131,0,39
15.902,9131,9131,9131,0,39
15.915,9131,9131,9131,0,28
15.926,9131,9131,9131,0,28
15.949,9131,9131,9131,0,28
15.951,9131,9131,9131,0,28
15.975,9131,9131,9131,0,28
15.987,9131,9131,9131,0,14
15.999,4640,4640,4640,0,14
16.001,4640,4640,4640,0,14
16.021,4640,4640,4640,0,9
16.027,4640,4640,4640,0,9
16.050,4640,4640,4640,0,9
16.050,4640,4640,4640,0,3
16.076,4640,4640,4640,0,3
16.090,4640,4640,4640,0,3
16.101,4640,4640,4640,0,3
16.101,4640,4640,4640,0,3
16.124,4640,4640,4640,0,21
16.126,4640,4640,4640,0,21
16.151,4640,4640,4640,0,22
16.152,4658,4658,4658,0,22
16.176,4658,4658,4658,0,22
16.194,4658,4658,4658,0,14
16.202,4658,4658,4658,0,14
16.203,4677,4677,4677,0,14
16.225,4677,4677,4677,0,21
16.252,4677,4677,4677,0,2
16.253,4694,4694,4694,0,2
16.276,4694,4694,4694,0,2
16.297,4694,4694,4694,0,2
16.301,4694,4694,4694,0,2
16.303,4713,4713,4713,0,2
16.325,4713,4713,4713,0,30
16.352,4713,4713,4713,0,5
16.353,4713,4713,4713,0,5
16.377,4713,4713,4713,0,7
16.400,4713,4713,4713,0,2
16.404,4714,4714,4714,0,2
16.427,4714,4714,4714,0,2
16.438,4714,4714,4714,0,19
16.450,4714,4714,4714,0,19
16.455,4732,4732,4732,0,19
16.477,4732,4732,4732,0,19
16.502,4732,4732,4732,0,2
16.504,4750,4750,4750,0,2
16.509,4750,4750,4750,0,3
16.526,4750,4750,4750,0,3
16.544,4750,4750,4750,0,2
16.551,4750,4750,4750,0,2
16.555,4769,4769,4769,0,2
16.576,4769,4769,4769,0,2
16.579,4769,4769,4769,0,3
16.600,4769,4769,4769,0,3
16.606,4788,4788,4788,0,2
16.627,4788,4788,4788,0,2
16.650,4788,4788,4788,0,2
16.656,4806,4806,4806,0,2
16.676,4806,4806,4806,0,2
16.701,4806,4806,4806,0,2
16.707,4825,4825,4825,0,2
16.720,4825,4825,4825,0,4
16.726,4825,4825,4825,0,4
16.752,4825,4825,4825,0,4
16.757,4825,4825,4825,0,12
16.801,4825,4825,4825,0,2
16.807,4844,4844,4844,0,2
16.825,4844,4844,4844,0,2
16.851,4844,4844,4844,0,3
16.858,4863,4863,4863,0,3
16.876,4863,4863,4863,0,3
16.902,4863,4863,4863,0,3
16.909,4882,4882,4882,0,17
16.926,4882,4882,4882,0,17
16.930,4882,4882,4882,0,6
16.952,4882,4882,4882,0,6
16.960,4901,4901,4901,0,6
16.976,4901,4901,4901,0,2
17.001,4901,4901,4901,0,2
17.010,4920,4920,4920,0,2
17.025,4920,4920,4920,0,2
17.052,4920,4920,4920,0,2
17.061,4939,4939,4939,0,2
17.076,4939,4939,4939,0,2
17.100,4939,4939,4939,0,17
17.111,4958,4958,4958,0,17
17.127,4958,4958,4958,0,17
17.150,4958,4958,4958,0,17
17.163,4978,4978,4978,0,2
17.176,4978,4978,4978,0,2
17.202,4978,4978,4978,0,7
17.209,4978,4978,4978,0,2
17.212,4997,4997,4997,0,2
17.226,4997,4997,4997,0,2
17.251,4997,4997,4997,0,2
17.262,5016,5016,5016,0,2
17.276,5016,5016,5016,0,2
17.301,5016,5016,5016,0,2
17.314,5036,5036,5036,0,2
17.327,5036,5036,5036,0,3
17.352,5036,5036,5036,0,3
17.363,5055,5055,5055,0,3
17.376,5055,5055,5055,0,2
17.386,5055,5055,5055,0,6
17.401,5055,5055,5055,0,6
17.413,5075,5075,5075,0,6
17.421,5075,5075,5075,0,3
17.427,5075,5075,5075,0,3
17.452,5075,5075,5075,0,2
17.502,5075,5075,5075,0,3
17.513,5094,5094,5094,0,3
17.526,5094,5094,5094,0,2
17.552,5094,5094,5094,0,2
17.564,5115,5115,5115,0,2
17.576,5115,5115,5115,0,2
17.600,5115,5115,5115,0,2
17.614,5134,5134,5134,0,2
17.625,5134,5134,5134,0,2
17.632,5134,5134,5134,0,10
17.651,5134,5134,5134,0,10
17.664,5154,5154,5154,0,2
17.676,5154,5154,5154,0,2
17.702,5154,5154,5154,0,2
17.714,5174,5174,5174,0,3
17.726,5174,5174,5174,0,3
17.751,5174,5174,5174,0,4
17.765,5194,5194,5194,0,2
17.776,5194,5194,5194,0,2
17.801,5194,5194,5194,0,2
17.808,5194,5194,5194,0,3
17.816,5215,5215,5215,0,3
17.826,5215,5215,5215,0,3
17.844,5215,5215,5215,0,2
17.850,5215,5215,5215,0,2
17.866,5234,5234,5234,0,2
17.876,5234,5234,5234,0,2
17.878,5234,5234,5234,0,2
17.902,5234,5234,5234,0,2
17.916,5255,5255,5255,0,2
17.926,5255,5255,5255,0,2
17.948,5255,5255,5255,0,4
17.950,5255,5255,5255,0,4
17.967,5275,5275,5275,0,4
17.976,5275,5275,5275,0,4
17.984,5275,5275,5275,0,7
18.002,5275,5275,5275,0,2
18.017,5296,5296,5296,0,2
18.026,5296,5296,5296,0,2
18.051,5296,5296,5296,0,2
18.068,5317,5317,5317,0,3
18.076,5317,5317,5317,0,3
18.101,5317,5317,5317,0,6
18.118,5337,5337,5337,0,7
18.126,5337,5337,5337,0,7
18.151,5337,5337,5337,0,7
18.160,5337,5337,5337,0,3
18.177,5337,5337,5337,0,2
18.219,5357,5357,5357,0,12
18.226,5357,5357,5357,0,12
18.252,5357,5357,5357,0,12
18.265,5357,5357,5357,0,2
18.269,5378,5378,5378,0,2
18.275,5378,5378,5378,0,2
18.301,5378,5378,5378,0,2
18.320,5399,5399,5399,0,2
18.327,5399,5399,5399,0,2
18.351,5399,5399,5399,0,2
18.369,5420,5420,5420,0,2
18.375,5420,5420,5420,0,2
18.401,5420,5420,5420,0,2
18.419,5441,5441,5441,0,3
18.426,5441,5441,5441,0,3
18.452,5441,5441,5441,0,3
18.471,5462,5462,5462,0,3
18.476,5462,5462,5462,0,3
18.501,5462,5462,5462,0,6
18.546,5462,5462,5462,0,2
18.572,5484,5484,5484,0,20
18.577,5484,5484,5484,0,20
18.600,5484,5484,5484,0,2
18.617,5484,5484,5484,0,9
18.653,5484,5484,5484,0,12
18.672,5506,5506,5506,0,12
18.677,5506,5506,5506,0,12
18.700,5506,5506,5506,0,3
18.722,5506,5506,5506,0,2
18.723,5527,5527,5527,0,2
18.727,5527,5527,5527,0,2
18.751,5527,5527,5527,0,2
18.776,5550,5550,5550,0,2
18.776,5550,5550,5550,0,2
18.794,5550,5550,5550,0,3
18.801,5550,5550,5550,0,3
18.825,5571,5571,5571,0,3
18.826,5571,5571,5571,0,3
18.851,5571,5571,5571,0,3
18.875,5592,5592,5592,0,7
18.877,5592,5592,5592,0,7
18.900,5592,5592,5592,0,7
18.926,5592,5592,5592,0,7
18.927,5614,5614,5614,0,7
18.951,5614,5614,5614,0,11
18.972,5614,5614,5614,0,2
18.977,5614,5614,5614,0,2
18.977,5636,5636,5636,0,2
19.001,5636,5636,5636,0,2
19.006,5636,5636,5636,0,2
19.026,5636,5636,5636,0,2
19.028,5658,5658,5658,0,2
19.036,5658,5658,5658,0,3
19.051,5658,5658,5658,0,3
19.074,5658,5658,5658,0,2
19.076,5658,5658,5658,0,2
19.101,5658,5658,5658,0,3
19.126,5658,5658,5658,0,4
19.130,5681,5681,5681,0,4
19.152,5681,5681,5681,0,4
19.175,5681,5681,5681,0,10
19.179,5703,5703,5703,0,10
19.201,5703,5703,5703,0,2
19.227,5703,5703,5703,0,2
19.229,5725,5725,5725,0,2
19.277,5725,5725,5725,0,7
19.280,5747,5747,5747,0,7
19.301,5747,5747,5747,0,3
19.320,5747,5747,5747,0,5
19.326,5747,5747,5747,0,5
19.331,5770,5770,5770,0,5
19.351,5770,5770,5770,0,5
19.375,5770,5770,5770,0,2
19.382,5792,5792,5792,0,2
19.390,5792,5792,5792,0,12
19.401,5792,5792,5792,0,12
19.426,5792,5792,5792,0,2
19.484,5815,5815,5815,0,5
19.501,5815,5815,5815,0,5
19.526,5815,5815,5815,0,3
19.550,5815,5815,5815,0,2
19.576,5815,5815,5815,0,3
19.586,5838,5838,5838,0,3
19.601,5838,5838,5838,0,3
19.625,5838,5838,5838,0,2
19.635,5860,5860,5860,0,2
19.652,5860,5860,5860,0,2
19.671,5860,5860,5860,0,11
19.675,5860,5860,5860,0,11
19.688,5884,5884,5884,0,11
19.702,5884,5884,5884,0,11
19.706,5884,5884,5884,0,10
19.725,5884,5884,5884,0,10
19.737,5907,5907,5907,0,2
19.751,5907,5907,5907,0,2
19.776,5907,5907,5907,0,3
19.788,5930,5930,5930,0,3
19.801,5930,5930,5930,0,3
19.813,5930,5930,5930,0,12
19.826,5930,5930,5930,0,12
19.838,5953,5953,5953,0,12
19.847,5953,5953,5953,0,11
19.852,5953,5953,5953,0,11
19.876,5953,5953,5953,0,11
19.885,5953,5953,5953,0,7
19.889,5976,5976,5976,0,7
19.901,5976,5976,5976,0,7
19.920,5976,5976,5976,0,2
19.927,5976,5976,5976,0,2
19.940,5999,5999,5999,0,2
19.950,5999,5999,5999,0,2
19.977,5999,5999,5999,0,15
19.991,6023,6023,6023,0,15
20.000,6023,6023,6023,0,9
20.027,6023,6023,6023,0,9
20.043,6047,6047,6047,0,18
20.050,6047,6047,6047,0,18
20.059,6047,6047,6047,0,16
20.076,6047,6047,6047,0,16
20.092,6070,6070,6070,0,3
20.101,6070,6070,6070,0,3
20.127,6070,6070,6070,0,17
20.142,6094,6094,6094,0,17
20.150,6094,6094,6094,0,17
20.165,6094,6094,6094,0,4
20.177,6094,6094,6094,0,4
20.193,6117,6117,6117,0,12
20.200,6117,6117,6117,0,12
20.226,6117,6117,6117,0,13
20.243,6141,6141,6141,0,13
20.251,6141,6141,6141,0,12
20.271,6141,6141,6141,0,10
20.276,6141,6141,6141,0,10
20.294,6165,6165,6165,0,10
20.301,6165,6165,6165,0,10
20.326,6165,6165,6165,0,10
20.343,6165,6165,6165,0,2
20.344,6189,6189,6189,0,2
20.352,6189,6189,6189,0,2
20.376,6189,6189,6189,0,2
20.396,6214,6214,6214,0,23
20.400,6214,6214,6214,0,23
20.427,6214,6214,6214,0,23
20.445,6214,6214,6214,0,14
20.446,6238,6238,6238,0,14
20.451,6238,6238,6238,0,14
20.476,6238,6238,6238,0,17
20.499,6263,6263,6263,0,17
20.500,6263,6263,6263,0,4
20.526,6263,6263,6263,0,4
20.548,6287,6287,6287,0,2
20.552,6287,6287,6287,0,2
20.576,6287,6287,6287,0,2
20.589,6287,6287,6287,0,3
20.598,6311,6311,6311,0,3
20.601,6311,6311,6311,0,3
20.623,6311,6311,6311,0,2
20.626,6311,6311,6311,0,2
20.649,6336,6336,6336,0,2
20.652,6336,6336,6336,0,2
20.659,6336,6336,6336,0,7
20.675,6336,6336,6336,0,7
20.701,6361,6361,6361,0,17
20.701,6361,6361,6361,0,17
20.726,6361,6361,6361,0,17
20.732,6361,6361,6361,0,9
20.751,6386,6386,6386,0,9
20.752,6386,6386,6386,0,9
20.767,6386,6386,6386,0,9
20.775,6386,6386,6386,0,9
20.802,6386,6386,6386,0,19
20.802,6411,6411,6411,0,19
20.826,6411,6411,6411,0,19
20.837,6411,6411,6411,0,2
20.851,6411,6411,6411,0,2
20.853,6436,6436,6436,0,2
20.869,6436,6436,6436,0,2
20.877,6436,6436,6436,0,2
20.901,6436,6436,6436,0,2
20.903,6461,6461,6461,0,2
20.927,6461,6461,6461,0,2
20.951,6461,6461,6461,0,2
20.955,6487,6487,6487,0,8
20.975,6487,6487,6487,0,2
20.976,6487,6487,6487,0,2
21.001,6487,6487,6487,0,2
21.004,6512,6512,6512,0,2
21.027,6512,6512,6512,0,2
21.050,6512,6512,6512,0,2
21.056,6538,6538,6538,0,2
21.077,6538,6538,6538,0,3
21.100,6538,6538,6538,0,3
21.105,6563,6563,6563,0,2
21.127,6563,6563,6563,0,2
21.151,6563,6563,6563,0,7
21.155,6588,6588,6588,0,7
21.176,6588,6588,6588,0,2
21.200,6588,6588,6588,0,2
21.207,6614,6614,6614,0,2
21.226,6614,6614,6614,0,2
21.252,6614,6614,6614,0,2
21.256,6639,6639,6639,0,2
21.275,6639,6639,6639,0,2
21.302,6639,6639,6639,0,2
21.306,6665,6665,6665,0,2
21.325,6665,6665,6665,0,29
21.351,6665,6665,6665,0,25
21.357,6691,6691,6691,0,25
21.376,6691,6691,6691,0,11
21.398,6691,6691,6691,0,14
21.402,6691,6691,6691,0,14
21.407,6717,6717,6717,0,14
21.425,6717,6717,6717,0,3
21.451,6717,6717,6717,0,5
21.458,6743,6743,6743,0,5
21.476,6743,6743,6743,0,5
21.502,6743,6743,6743,0,2
21.508,6769,6769,6769,0,2
21.527,6769,6769,6769,0,3
21.551,6769,6769,6769,0,3
21.560,6796,6796,6796,0,2
21.575,6796,6796,6796,0,2
21.601,6796,6796,6796,0,2
21.610,6822,6822,6822,0,2
21.626,6822,6822,6822,0,2
21.645,6822,6822,6822,0,2
21.650,6822,6822,6822,0,2
21.660,6849,6849,6849,0,2
21.677,6849,6849,6849,0,2
21.701,6849,6849,6849,0,2
21.710,6875,6875,6875,0,2
21.725,6875,6875,6875,0,3
21.752,6875,6875,6875,0,3
21.760,6902,6902,6902,0,3
21.776,6902,6902,6902,0,32
21.800,6902,6902,6902,0,13
21.812,6929,6929,6929,0,13
21.826,6929,6929,6929,0,13
21.852,6929,6929,6929,0,3
21.862,6956,6956,6956,0,3
21.876,6956,6956,6956,0,5
21.902,6956,6956,6956,0,6
21.914,6984,6984,6984,0,6
21.927,6984,6984,6984,0,6
21.951,6984,6984,6984,0,14
21.961,6984,6984,6984,0,3
22.014,7011,7011,7011,0,3
22.027,7011,7011,7011,0,2
22.051,7011,7011,7011,0,3
22.065,7038,7038,7038,0,3
22.075,7038,7038,7038,0,3
22.101,7038,7038,7038,0,5
22.115,7065,7065,7065,0,2
22.126,7065,7065,7065,0,2
22.151,7065,7065,7065,0,2
22.166,7094,7094,7094,0,16
22.177,7094,7094,7094,0,16
22.201,7094,7094,7094,0,10
22.209,7094,7094,7094,0,10
22.216,7121,7121,7121,0,10
22.225,7121,7121,7121,0,10
22.251,7121,7121,7121,0,8
22.268,7149,7149,7149,0,8
22.276,7149,7149,7149,0,8
22.301,7149,7149,7149,0,2
22.317,7176,7176,7176,0,2
22.325,7176,7176,7176,0,2
22.347,7176,7176,7176,0,3
22.351,7176,7176,7176,0,3
22.368,7205,7205,7205,0,2
22.377,7205,7205,7205,0,2
22.401,7205,7205,7205,0,2
22.419,7233,7233,7233,0,2
22.426,7233,7233,7233,0,4
22.451,7233,7233,7233,0,4
22.469,7261,7261,7261,0,18
22.477,7261,7261,7261,0,18
22.488,7261,7261,7261,0,8
22.501,7261,7261,7261,0,3
22.520,7289,7289,7289,0,3
22.526,7289,7289,7289,0,3
22.551,7289,7289,7289,0,2
22.570,7317,7317,7317,0,2
22.593,7317,7317,7317,0,3
22.621,7346,7346,7346,0,2
22.627,7346,7346,7346,0,2
22.651,7346,7346,7346,0,2
22.671,7375,7375,7375,0,2
22.677,7375,7375,7375,0,2
22.698,7375,7375,7375,0,13
22.701,7375,7375,7375,0,13
22.721,7403,7403,7403,0,13
22.725,7403,7403,7403,0,19
22.750,7403,7403,7403,0,19
22.772,7432,7432,7432,0,19
22.776,7432,7432,7432,0,19
22.802,7432,7432,7432,0,2
22.823,7461,7461,7461,0,2
22.826,7461,7461,7461,0,2
22.851,7461,7461,7461,0,2
22.874,7491,7491,7491,0,2
22.877,7491,7491,7491,0,2
22.902,7491,7491,7491,0,4
22.923,7519,7519,7519,0,3
22.926,7519,7519,7519,0,3
22.950,7519,7519,7519,0,3
22.973,7548,7548,7548,0,2
22.977,7548,7548,7548,0,2
23.000,7548,7548,7548,0,2
23.016,7548,7548,7548,0,3
23.050,7548,7548,7548,0,10
23.074,7577,7577,7577,0,10
23.076,7577,7577,7577,0,10
23.089,7577,7577,7577,0,20
23.102,7577,7577,7577,0,20
23.123,7577,7577,7577,0,20
23.124,7606,7606,7606,0,20
23.126,7606,7606,7606,0,20
23.151,7606,7606,7606,0,41
23.175,7636,7636,7636,0,34
23.177,7636,7636,7636,0,34
23.201,7636,7636,7636,0,34
23.225,7636,7636,7636,0,2
23.226,7636,7636,7636,0,2
23.226,7666,7666,7666,0,2
23.250,7666,7666,7666,0,2
23.260,7666,7666,7666,0,2
23.277,7666,7666,7666,0,2
23.277,7696,7696,7696,0,2
23.295,7696,7696,7696,0,2
23.301,7696,7696,7696,0,2
23.326,7696,7696,7696,0,2
23.328,7727,7727,7727,0,2
23.331,7727,7727,7727,0,3
23.352,7727,7727,7727,0,3
23.367,7727,7727,7727,0,4
23.376,7727,7727,7727,0,4
23.379,7757,7757,7757,0,4
23.401,7757,7757,7757,0,14
23.426,7757,7757,7757,0,14
23.429,7787,7787,7787,0,14
23.450,7787,7787,7787,0,14
23.474,7787,7787,7787,0,6
23.476,7787,7787,7787,0,6
23.529,7816,7816,7816,0,6
23.545,7816,7816,7816,0,2
23.552,7816,7816,7816,0,2
23.577,7816,7816,7816,0,2
23.580,7847,7847,7847,0,2
23.602,7847,7847,7847,0,2
23.627,7847,7847,7847,0,22
23.630,7847,7847,7847,0,22
23.651,7847,7847,7847,0,22
23.676,7847,7847,7847,0,2
23.681,7848,7848,7848,0,2
23.701,7848,7848,7848,0,19
23.726,7848,7848,7848,0,7
23.732,7848,7848,7848,0,7
23.751,7848,7848,7848,0,7
23.777,7848,7848,7848,0,7
23.781,7877,7877,7877,0,7
23.791,7877,7877,7877,0,13
23.802,7877,7877,7877,0,13
23.826,7877,7877,7877,0,13
23.832,7908,7908,7908,0,13
23.852,7908,7908,7908,0,13
23.860,7908,7908,7908,0,16
23.876,7908,7908,7908,0,16
23.882,7908,7908,7908,0,16
23.894,7908,7908,7908,0,11
23.901,7908,7908,7908,0,11
23.925,7908,7908,7908,0,11
23.933,7939,7939,7939,0,11
23.952,7939,7939,7939,0,7
23.976,7939,7939,7939,0,7
23.984,7970,7970,7970,0,7
24.001,7970,7970,7970,0,12
24.027,7970,7970,7970,0,2
24.033,8001,8001,8001,0,2
24.051,8001,8001,8001,0,2
24.068,8001,8001,8001,0,28
24.077,8001,8001,8001,0,28
24.084,8001,8001,8001,0,28
24.101,8001,8001,8001,0,28
24.105,8001,8001,8001,0,6
24.126,8001,8001,8001,0,6
24.135,8001,8001,8001,0,6
24.151,8001,8001,8001,0,19
24.175,8001,8001,8001,0,19
24.185,8001,8001,8001,0,19
24.202,8001,8001,8001,0,8
24.225,8001,8001,8001,0,24
24.236,8032,8032,8032,0,24
24.252,8032,8032,8032,0,24
24.277,8032,8032,8032,0,20
24.286,8063,8063,8063,0,20
24.302,8063,8063,8063,0,20
24.316,8063,8063,8063,0,8
24.325,8063,8063,8063,0,8
24.386,8094,8094,8094,0,7
24.401,8094,8094,8094,0,5
24.426,8094,8094,8094,0,5
24.436,8125,8125,8125,0,17
24.451,8125,8125,8125,0,17
24.460,8125,8125,8125,0,24
24.477,8125,8125,8125,0,24
24.488,8158,8158,8158,0,24
24.501,8158,8158,8158,0,3
24.526,8158,8158,8158,0,3
24.538,8189,8189,8189,0,34
24.550,8189,8189,8189,0,34
24.562,8189,8189,8189,0,11
24.577,8189,8189,8189,0,11
24.590,8222,8222,8222,0,11
24.602,8222,8222,8222,0,11
24.627,8222,8222,8222,0,3
24.632,8222,8222,8222,0,11
24.667,8222,8222,8222,0,12
24.676,8222,8222,8222,0,21
24.690,8254,8254,8254,0,21
24.702,8254,8254,8254,0,11
24.726,8254,8254,8254,0,10
24.737,8254,8254,8254,0,17
24.741,8286,8286,8286,0,17
24.751,8286,8286,8286,0,17
24.775,8286,8286,8286,0,17
24.792,8286,8286,8286,0,2
24.808,8286,8286,8286,0,4
24.843,8319,8319,8319,0,4
24.851,8319,8319,8319,0,4
24.875,8319,8319,8319,0,4
24.894,8319,8319,8319,0,4
24.901,8319,8319,8319,0,4
24.916,8319,8319,8319,0,3
24.927,8319,8319,8319,0,3
24.945,8352,8352,8352,0,3
24.950,8352,8352,8352,0,2
24.976,8352,8352,8352,0,10
24.995,8352,8352,8352,0,10
25.002,8352,8352,8352,0,10
25.019,8352,8352,8352,0,8
25.025,8352,8352,8352,0,8
25.046,8352,8352,8352,0,8
25.052,8352,8352,8352,0,24
25.076,8352,8352,8352,0,2
25.124,8352,8352,8352,0,4
25.146,8385,8385,8385,0,5
25.152,8385,8385,8385,0,5
25.176,8385,8385,8385,0,2
25.195,8385,8385,8385,0,2
25.197,8417,8417,8417,0,2
25.201,8417,8417,8417,0,2
25.226,8417,8417,8417,0,20
25.252,8417,8417,8417,0,25
25.298,8450,8450,8450,0,23
25.301,8450,8450,8450,0,23
25.325,8450,8450,8450,0,23
25.336,8450,8450,8450,0,2
25.348,8450,8450,8450,0,2
25.351,8450,8450,8450,0,2
25.374,8450,8450,8450,0,20
25.376,8450,8450,8450,0,20
25.400,8484,8484,8484,0,2
25.401,8484,8484,8484,0,2
25.427,8484,8484,8484,0,2
25.441,8484,8484,8484,0,15
25.449,8516,8516,8516,0,15
25.450,8516,8516,8516,0,15
25.477,8516,8516,8516,0,15
25.500,8550,8550,8550,0,15
25.500,8550,8550,8550,0,15
25.511,8550,8550,8550,0,22
25.526,8550,8550,8550,0,22
25.548,8550,8550,8550,0,2
25.550,8583,8583,8583,0,2
25.551,8583,8583,8583,0,2
25.577,8583,8583,8583,0,8
25.617,8583,8583,8583,0,20
25.650,8583,8583,8583,0,10
25.651,8583,8583,8583,0,10
25.676,8583,8583,8583,0,10
25.688,8583,8583,8583,0,13
25.751,8616,8616,8616,0,13
25.752,8616,8616,8616,0,13
25.776,8616,8616,8616,0,13
25.793,8616,8616,8616,0,4
25.801,8616,8616,8616,0,4
25.827,8616,8616,8616,0,3
25.853,8650,8650,8650,0,3
25.864,8650,8650,8650,0,11
25.876,8650,8650,8650,0,11
25.897,8650,8650,8650,0,23
25.900,8650,8650,8650,0,23
25.904,8684,8684,8684,0,23
25.927,8684,8684,8684,0,18
25.952,8684,8684,8684,0,16
26.000,8684,8684,8684,0,9
26.006,8718,8718,8718,0,9
26.027,8718,8718,8718,0,21
26.039,8718,8718,8718,0,6
26.051,8718,8718,8718,0,6
26.055,8718,8718,8718,0,6
26.075,8718,8718,8718,0,6
26.102,8718,8718,8718,0,9
26.106,8752,8752,8752,0,9
26.126,8752,8752,8752,0,18
26.151,8752,8752,8752,0,18
26.156,8752,8752,8752,0,7
26.201,8752,8752,8752,0,8
26.207,8752,8752,8752,0,8
26.227,8752,8752,8752,0,8
26.250,8752,8752,8752,0,2
26.251,8752,8752,8752,0,2
26.277,8752,8752,8752,0,3
26.302,8752,8752,8752,0,17
26.322,8752,8752,8752,0,18
26.351,8752,8752,8752,0,17
26.354,8752,8752,8752,0,30
26.359,8786,8786,8786,0,30
26.376,8786,8786,8786,0,30
26.391,8786,8786,8786,0,30
26.401,8786,8786,8786,0,30
26.425,8786,8786,8786,0,18
26.460,8821,8821,8821,0,18
26.477,8821,8821,8821,0,14
26.500,8821,8821,8821,0,14
26.511,8821,8821,8821,0,22
26.551,8821,8821,8821,0,2
26.562,8855,8855,8855,0,2
26.576,8855,8855,8855,0,2
26.600,8855,8855,8855,0,2
26.636,8855,8855,8855,0,29
26.662,8855,8855,8855,0,3
26.677,8855,8855,8855,0,3
26.700,8855,8855,8855,0,4
26.714,8855,8855,8855,0,4
26.726,8855,8855,8855,0,3
26.744,8855,8855,8855,0,10
26.752,8855,8855,8855,0,10
26.765,8855,8855,8855,0,11
26.780,8855,8855,8855,0,10
26.810,8855,8855,8855,0,31
26.816,8890,8890,8890,0,31
26.827,8890,8890,8890,0,37
26.848,8890,8890,8890,0,9
26.852,8890,8890,8890,0,9
26.916,8890,8890,8890,0,9
26.926,8890,8890,8890,0,9
26.951,8890,8890,8890,0,9
26.967,8890,8890,8890,0,8
27.002,8890,8890,8890,0,7
27.018,8892,8892,8892,0,7
27.025,8892,8892,8892,0,7
27.051,8892,8892,8892,0,21
27.069,8892,8892,8892,0,3
27.119,8894,8894,8894,0,17
27.125,8894,8894,8894,0,17
27.129,8894,8894,8894,0,4
27.151,8894,8894,8894,0,4
27.176,8894,8894,8894,0,12
27.202,8894,8894,8894,0,3
27.277,8894,8894,8894,0,24
27.302,8894,8894,8894,0,31
27.338,8894,8894,8894,0,6
27.351,8894,8894,8894,0,2
27.371,8897,8897,8897,0,2
27.377,8897,8897,8897,0,2
27.401,8897,8897,8897,0,2
27.409,8897,8897,8897,0,16
27.472,8899,8899,8899,0,10
27.476,8899,8899,8899,0,10
27.501,8899,8899,8899,0,15
27.515,8899,8899,8899,0,17
27.572,8899,8899,8899,0,17
27.577,8899,8899,8899,0,17
27.586,8899,8899,8899,0,11
27.601,8899,8899,8899,0,11
27.622,8901,8901,8901,0,11
27.626,8901,8901,8901,0,11
27.652,8901,8901,8901,0,28
27.692,8901,8901,8901,0,17
27.723,8901,8901,8901,0,17
27.725,8901,8901,8901,0,17
27.751,8901,8901,8901,0,32
27.760,8901,8901,8901,0,37
27.795,8901,8901,8901,0,16
27.801,8901,8901,8901,0,26
27.825,8903,8903,8903,0,26
27.826,8903,8903,8903,0,26
27.852,8903,8903,8903,0,2
27.901,8903,8903,8903,0,6
27.925,8903,8903,8903,0,9
27.926,8905,8905,8905,0,9
27.952,8905,8905,8905,0,9
28.002,8905,8905,8905,0,26
28.025,8905,8905,8905,0,19
28.076,8905,8905,8905,0,20
28.077,8907,8907,8907,0,20
28.101,8907,8907,8907,0,20
28.127,8907,8907,8907,0,10
28.178,8907,8907,8907,0,23
28.217,8907,8907,8907,0,22
28.229,8907,8907,8907,0,2
28.279,8910,8910,8910,0,2
28.302,8910,8910,8910,0,2
28.322,8910,8910,8910,0,3
28.326,8910,8910,8910,0,3
28.329,8910,8910,8910,0,3
28.350,8910,8910,8910,0,6
28.359,8910,8910,8910,0,8
28.375,8910,8910,8910,0,8
28.381,8912,8912,8912,0,8
28.393,8912,8912,8912,0,9
28.402,8912,8912,8912,0,9
28.425,8912,8912,8912,0,19
28.432,8914,8914,8914,0,2
28.452,8914,8914,8914,0,2
28.464,8914,8914,8914,0,2
28.476,8914,8914,8914,0,2
28.482,8914,8914,8914,0,16
28.500,8914,8914,8914,0,8
28.532,8917,8917,8917,0,8
28.551,8917,8917,8917,0,8
28.574,8917,8917,8917,0,10
28.576,8917,8917,8917,0,10
28.601,8917,8917,8917,0,3
28.610,8917,8917,8917,0,4
28.634,8917,8917,8917,0,13
28.702,8917,8917,8917,0,2
28.735,8919,8919,8919,0,2
28.751,8919,8919,8919,0,2
28.776,8919,8919,8919,0,18
28.818,8919,8919,8919,0,24
28.826,8919,8919,8919,0,4
28.853,8919,8919,8919,0,9
28.887,8921,8921,8921,0,17
28.901,8921,8921,8921,0,17
28.923,8921,8921,8921,0,4
28.926,8921,8921,8921,0,4
28.951,8921,8921,8921,0,20
28.988,8923,8923,8923,0,25
29.002,8923,8923,8923,0,25
29.026,8923,8923,8923,0,2
29.065,8923,8923,8923,0,3
29.097,8923,8923,8923,0,47
29.126,8923,8923,8923,0,15
29.170,8923,8923,8923,0,2
29.226,8923,8923,8923,0,25
29.251,8923,8923,8923,0,14
29.291,8923,8923,8923,0,2
29.326,8923,8923,8923,0,3
29.342,8925,8925,8925,0,3
29.351,8925,8925,8925,0,10
29.375,8925,8925,8925,0,10
29.392,8925,8925,8925,0,19
29.416,8925,8925,8925,0,16
29.444,8927,8927,8927,0,16
29.452,8927,8927,8927,0,16
29.477,8927,8927,8927,0,16
29.490,8927,8927,8927,0,10
29.545,8930,8930,8930,0,10
29.551,8930,8930,8930,0,38
29.576,8930,8930,8930,0,39
29.595,8931,8931,8931,0,39
29.601,8931,8931,8931,0,24
29.625,8931,8931,8931,0,7
29.626,8931,8931,8931,0,7
29.645,8931,8931,8931,0,14
29.676,8931,8931,8931,0,2
29.696,8931,8931,8931,0,2
29.702,8931,8931,8931,0,2
29.727,8931,8931,8931,0,18
29.733,8931,8931,8931,0,9
29.777,8931,8931,8931,0,6
29.797,8933,8933,8933,0,6
29.802,8933,8933,8933,0,6
29.826,8933,8933,8933,0,4
29.847,8933,8933,8933,0,4
29.850,8933,8933,8933,0,4
29.874,8933,8933,8933,0,2
29.876,8933,8933,8933,0,2
29.900,8936,8936,8936,0,3
29.902,8936,8936,8936,0,3
29.926,8936,8936,8936,0,17
29.977,8936,8936,8936,0,29
29.999,8938,8938,8938,0,19
30.001,8938,8938,8938,0,19
30.026,8938,8938,8938,0,24
30.050,8940,8940,8940,0,24
30.050,8940,8940,8940,0,24
30.076,8940,8940,8940,0,19
30.100,8940,8940,8940,0,22
30.151,8942,8942,8942,0,2
30.152,8942,8942,8942,0,2
30.176,8942,8942,8942,0,10
30.190,8942,8942,8942,0,9
30.201,8942,8942,8942,0,9
30.201,8944,8944,8944,0,9
30.226,8944,8944,8944,0,9
30.251,8944,8944,8944,0,37
30.277,8944,8944,8944,0,13
30.292,8944,8944,8944,0,10
30.351,8944,8944,8944,0,19
30.353,8944,8944,8944,0,19
30.363,8944,8944,8944,0,11
30.376,8944,8944,8944,0,11
30.398,8944,8944,8944,0,11
30.400,8944,8944,8944,0,11
30.404,8944,8944,8944,0,8
30.468,8944,8944,8944,0,13
30.501,8944,8944,8944,0,5
30.505,8946,8946,8946,0,5
30.526,8946,8946,8946,0,5
30.552,8946,8946,8946,0,5
30.574,8946,8946,8946,0,34
30.602,8946,8946,8946,0,18
30.605,8948,8948,8948,0,18
30.612,8948,8948,8948,0,20
30.626,8948,8948,8948,0,20
30.644,8948,8948,8948,0,19
30.652,8948,8948,8948,0,19
30.655,8950,8950,8950,0,19
30.676,8950,8950,8950,0,19
30.679,8950,8950,8950,0,41
30.702,8950,8950,8950,0,41
30.714,8950,8950,8950,0,25
30.750,8950,8950,8950,0,12
30.784,8950,8950,8950,0,26
30.807,8952,8952,8952,0,26
30.827,8952,8952,8952,0,2
30.850,8952,8952,8952,0,2
30.859,8955,8955,8955,0,2
30.876,8955,8955,8955,0,17
30.889,8955,8955,8955,0,16
30.901,8955,8955,8955,0,24
30.924,8955,8955,8955,0,19
30.958,8957,8957,8957,0,19
30.975,8957,8957,8957,0,19
30.995,8957,8957,8957,0,15
31.002,8957,8957,8957,0,15
31.050,8957,8957,8957,0,6
31.059,8959,8959,8959,0,6
31.069,8959,8959,8959,0,6
31.075,8959,8959,8959,0,6
31.101,8959,8959,8959,0,6
31.111,8961,8961,8961,0,6
31.125,8961,8961,8961,0,3
31.152,8961,8961,8961,0,3
31.160,8961,8961,8961,0,45
31.202,8961,8961,8961,0,13
31.241,8961,8961,8961,0,9
31.275,8961,8961,8961,0,16
31.300,8961,8961,8961,0,5
31.312,8963,8963,8963,0,5
31.327,8963,8963,8963,0,21
31.345,8963,8963,8963,0,22
31.351,8963,8963,8963,0,22
31.377,8963,8963,8963,0,23
31.402,8963,8963,8963,0,20
31.412,8965,8965,8965,0,20
31.426,8965,8965,8965,0,18
31.451,8965,8965,8965,0,18
31.477,8965,8965,8965,0,7
31.501,8965,8965,8965,0,3
31.513,8967,8967,8967,0,3
31.526,8967,8967,8967,0,3
31.525,8967,8967,8967,0,4
31.552,8967,8967,8967,0,3
31.563,8970,8970,8970,0,3
31.575,8970,8970,8970,0,3
31.601,8970,8970,8970,0,4
31.613,8970,8970,8970,0,18
31.661,8970,8970,8970,0,8
31.663,8970,8970,8970,0,8
31.675,8970,8970,8970,0,2
31.696,8970,8970,8970,0,12
31.701,8970,8970,8970,0,12
31.765,8972,8972,8972,0,12
31.766,8972,8972,8972,0,7
31.776,8972,8972,8972,0,7
31.801,8972,8972,8972,0,7
31.815,8972,8972,8972,0,17
31.851,8972,8972,8972,0,18
31.865,8972,8972,8972,0,18
31.871,8972,8972,8972,0,15
31.876,8972,8972,8972,0,15
31.902,8972,8972,8972,0,15
31.916,8972,8972,8972,0,2
31.966,8974,8974,8974,0,2
31.977,8974,8974,8974,0,2
32.000,8974,8974,8974,0,3
32.017,8976,8976,8976,0,3
32.027,8976,8976,8976,0,3
32.046,8976,8976,8976,0,3
32.051,8976,8976,8976,0,3
32.102,8976,8976,8976,0,11
32.117,8976,8976,8976,0,10
32.119,8979,8979,8979,0,10
32.125,8979,8979,8979,0,10
32.151,8979,8979,8979,0,10
32.188,8979,8979,8979,0,9
32.219,8981,8981,8981,0,9
32.225,8981,8981,8981,0,9
32.251,8981,8981,8981,0,10
32.320,8983,8983,8983,0,10
32.327,8983,8983,8983,0,8
32.351,8983,8983,8983,0,8
32.363,8983,8983,8983,0,10
32.422,8985,8985,8985,0,9
32.427,8985,8985,8985,0,9
32.437,8985,8985,8985,0,26
32.452,8985,8985,8985,0,26
32.469,8985,8985,8985,0,2
32.473,8987,8987,8987,0,2
32.476,8987,8987,8987,0,2
32.500,8987,8987,8987,0,2
32.523,8987,8987,8987,0,37
32.552,8987,8987,8987,0,4
32.575,8987,8987,8987,0,4
32.576,8987,8987,8987,0,4
32.600,8987,8987,8987,0,3
32.626,8987,8987,8987,0,18
32.645,8987,8987,8987,0,9
32.674,8990,8990,8990,0,9
32.677,8990,8990,8990,0,9
32.701,8990,8990,8990,0,3
32.714,8990,8990,8990,0,3
32.725,8990,8990,8990,0,3
32.775,8992,8992,8992,0,4
32.777,8992,8992,8992,0,4
32.800,8992,8992,8992,0,4
32.819,8992,8992,8992,0,10
32.826,8992,8992,8992,0,10
32.851,8992,8992,8992,0,11
32.894,8992,8992,8992,0,10
32.902,8992,8992,8992,0,18
32.929,9028,9028,9028,0,18
32.952,9028,9028,9028,0,17
32.976,9028,9028,9028,0,38
33.026,9028,9028,9028,0,33
33.029,9028,9028,9028,0,33
33.052,9028,9028,9028,0,23
33.075,9028,9028,9028,0,23
33.079,9028,9028,9028,0,12
33.125,9028,9028,9028,0,11
33.130,9064,9064,9064,0,11
33.152,9064,9064,9064,0,11
33.170,9064,9064,9064,0,11
33.176,9064,9064,9064,0,11
33.207,9064,9064,9064,0,7
33.231,9098,9098,9098,0,7
33.241,9098,9098,9098,0,5
33.251,9098,9098,9098,0,5
33.276,9098,9098,9098,0,6
33.300,9098,9098,9098,0,13
33.326,9098,9098,9098,0,10
33.349,9098,9098,9098,0,18
33.377,9098,9098,9098,0,2
33.383,9134,9134,9134,0,2
33.402,9134,9134,9134,0,2
33.416,9134,9134,9134,0,3
33.426,9134,9134,9134,0,2
33.450,9134,9134,9134,0,36
33.485,9170,9170,9170,0,11
33.501,9170,9170,9170,0,3
33.526,9170,9170,9170,0,3
33.535,9170,9170,9170,0,16
33.576,9170,9170,9170,0,2
33.586,9206,9206,9206,0,2
33.601,9206,9206,9206,0,2
33.626,9206,9206,9206,0,16
33.652,9206,9206,9206,0,13
33.676,9206,9206,9206,0,8
33.687,9241,9241,9241,0,8
33.701,9241,9241,9241,0,8
33.726,9241,9241,9241,0,3
33.806,9241,9241,9241,0,2
33.841,9279,9279,9279,0,2
33.851,9279,9279,9279,0,2
33.872,9279,9279,9279,0,26
33.876,9279,9279,9279,0,26
33.927,9279,9279,9279,0,11
33.941,9279,9279,9279,0,11
33.951,9279,9279,9279,0,10
33.976,9279,9279,9279,0,10
33.991,9279,9279,9279,0,4
34.041,9315,9315,9315,0,3
34.050,9315,9315,9315,0,3
34.077,9315,9315,9315,0,9
34.117,9315,9315,9315,0,3
34.142,9351,9351,9351,0,2
34.152,9351,9351,9351,0,2
34.176,9351,9351,9351,0,2
34.243,9351,9351,9351,0,3
34.262,9351,9351,9351,0,2
34.276,9351,9351,9351,0,7
34.293,9387,9387,9387,0,7
34.301,9387,9387,9387,0,7
34.326,9387,9387,9387,0,34
34.362,9387,9387,9387,0,14
34.394,9424,9424,9424,0,3
34.402,9424,9424,9424,0,3
34.425,9424,9424,9424,0,3
34.434,9424,9424,9424,0,2
34.469,9424,9424,9424,0,12
34.496,9461,9461,9461,0,12
34.501,9461,9461,9461,0,12
34.527,9461,9461,9461,0,10
34.540,9461,9461,9461,0,21
34.597,9461,9461,9461,0,4
34.610,9461,9461,9461,0,3
34.643,9461,9461,9461,0,2
34.647,9497,9497,9497,0,2
34.650,9497,9497,9497,0,2
34.676,9497,9497,9497,0,7
34.697,9497,9497,9497,0,3
34.718,9497,9497,9497,0,8
34.747,9534,9534,9534,0,8
34.750,9534,9534,9534,0,8
34.776,9534,9534,9534,0,20
34.798,9571,9571,9571,0,20
34.801,9571,9571,9571,0,20
34.819,9571,9571,9571,0,34
34.827,9571,9571,9571,0,34
34.855,9571,9571,9571,0,17
34.877,9571,9571,9571,0,15
34.926,9571,9571,9571,0,9
34.950,9571,9571,9571,0,2
34.951,9610,9610,9610,0,2
34.976,9610,9610,9610,0,2
35.027,9610,9610,9610,0,6
35.051,9610,9610,9610,0,10
35.053,9648,9648,9648,0,10
35.066,9648,9648,9648,0,2
35.077,9648,9648,9648,0,2
35.101,9648,9648,9648,0,2
35.103,9685,9685,9685,0,2
35.126,9685,9685,9685,0,2
35.136,9685,9685,9685,0,10
35.152,9685,9685,9685,0,10
35.175,9685,9685,9685,0,14
35.201,9685,9685,9685,0,12
35.204,9722,9722,9722,0,12
35.225,9722,9722,9722,0,12
35.240,9722,9722,9722,0,54
35.252,9722,9722,9722,0,54
35.255,9760,9760,9760,0,54
35.275,9760,9760,9760,0,44
35.302,9760,9760,9760,0,44
35.326,9760,9760,9760,0,24
35.381,9760,9760,9760,0,6
35.407,9798,9798,9798,0,6
35.426,9798,9798,9798,0,13
35.450,9798,9798,9798,0,13
35.500,9798,9798,9798,0,14
35.509,9798,9798,9798,0,14
35.527,9798,9798,9798,0,14
35.550,9798,9798,9798,0,16
35.592,9798,9798,9798,0,2
35.650,9798,9798,9798,0,8
35.660,9837,9837,9837,0,8
35.677,9837,9837,9837,0,8
35.697,9837,9837,9837,0,26
35.701,9837,9837,9837,0,26
35.726,9837,9837,9837,0,3
35.761,9875,9875,9875,0,16
35.777,9875,9875,9875,0,16
35.802,9875,9875,9875,0,5
35.827,9875,9875,9875,0,2
35.863,9915,9915,9915,0,2
35.877,9915,9915,9915,0,2
35.902,9915,9915,9915,0,9
35.926,9915,9915,9915,0,16
35.965,9915,9915,9915,0,9
36.002,9915,9915,9915,0,2
36.047,9915,9915,9915,0,5
36.116,9952,9952,9952,0,26
36.127,9952,9952,9952,0,26
36.152,9952,9952,9952,0,25
36.155,9952,9952,9952,0,36
36.202,9952,9952,9952,0,39
36.217,9991,9991,9991,0,27
36.226,9991,9991,9991,0,27
36.251,9991,9991,9991,0,2
36.276,9991,9991,9991,0,9
36.319,10031,10031,10031,0,9
36.326,10031,10031,10031,0,9
36.350,10031,10031,10031,0,9
36.364,10031,10031,10031,0,33
36.368,10031,10031,10031,0,33
36.376,10031,10031,10031,0,33
36.399,10031,10031,10031,0,32
36.402,10031,10031,10031,0,32
36.426,10031,10031,10031,0,25
36.469,10070,10070,10070,0,21
36.476,10070,10070,10070,0,21
36.500,10070,10070,10070,0,21
36.505,10070,10070,10070,0,26
36.527,10070,10070,10070,0,14
36.570,9161,9161,9161,0,22
36.577,9161,9161,9161,0,22
36.601,9161,9161,9161,0,22
36.620,5233,5233,5233,0,22
36.644,5233,5233,5233,0,52
36.677,5233,5233,5233,0,25
36.722,5254,5254,5254,0,25
36.726,5254,5254,5254,0,36
36.748,5254,5254,5254,0,24
36.752,5254,5254,5254,0,24
36.771,5274,5274,5274,0,24
36.776,5274,5274,5274,0,13
36.801,5274,5274,5274,0,7
36.822,5294,5294,5294,0,7
36.826,5294,5294,5294,0,7
36.852,5294,5294,5294,0,3
36.872,5315,5315,5315,0,3
36.889,5315,5315,5315,0,3
36.922,5335,5335,5335,0,2
36.926,5335,5335,5335,0,2
36.951,5335,5335,5335,0,3
36.958,5335,5335,5335,0,25
36.973,5356,5356,5356,0,25
36.977,5356,5356,5356,0,25
36.997,5356,5356,5356,0,22
37.001,5356,5356,5356,0,22
37.024,5377,5377,5377,0,22
37.025,5377,5377,5377,0,22
37.052,5377,5377,5377,0,12
37.062,5377,5377,5377,0,13
37.075,5377,5377,5377,0,13
37.076,5399,5399,5399,0,13
37.097,5399,5399,5399,0,6
37.101,5399,5399,5399,0,6
37.125,5419,5419,5419,0,6
37.126,5419,5419,5419,0,6
37.151,5419,5419,5419,0,14
37.168,5419,5419,5419,0,19
37.175,5440,5440,5440,0,19
37.177,5440,5440,5440,0,19
37.201,5440,5440,5440,0,18
37.225,5440,5440,5440,0,18
37.226,5462,5462,5462,0,18
37.252,5462,5462,5462,0,9
37.275,5462,5462,5462,0,9
37.301,5462,5462,5462,0,2
37.327,5462,5462,5462,0,5
37.327,5483,5483,5483,0,5
37.376,5483,5483,5483,0,3
37.378,5504,5504,5504,0,3
37.430,5527,5527,5527,0,3
37.481,5548,5548,5548,0,3
37.501,5548,5548,5548,0,3
37.525,5548,5548,5548,0,2
37.531,5569,5569,5569,0,2
37.576,5569,5569,5569,0,7
37.582,5591,5591,5591,0,7
37.586,5591,5591,5591,0,2
37.633,5613,5613,5613,0,2
37.683,5635,5635,5635,0,2
37.727,5635,5635,5635,0,8
37.733,5657,5657,5657,0,8
37.750,5657,5657,5657,0,2
37.784,5679,5679,5679,0,2
37.801,5679,5679,5679,0,2
37.826,5679,5679,5679,0,14
37.834,5701,5701,5701,0,14
37.885,5723,5723,5723,0,14
37.901,5723,5723,5723,0,9
37.935,5746,5746,5746,0,2
37.950,5746,5746,5746,0,2
37.977,5746,5746,5746,0,2
37.987,5768,5768,5768,0,5
38.027,5768,5768,5768,0,11
38.036,5790,5790,5790,0,11
38.076,5790,5790,5790,0,7
38.086,5813,5813,5813,0,7
38.102,5813,5813,5813,0,3
38.137,5836,5836,5836,0,2
38.218,5836,5836,5836,0,14
38.239,5859,5859,5859,0,14
38.250,5859,5859,5859,0,3
38.277,5859,5859,5859,0,3
38.288,5859,5859,5859,0,2
38.289,5882,5882,5882,0,2
38.300,5882,5882,5882,0,3
38.339,5904,5904,5904,0,3
38.377,5904,5904,5904,0,2
38.390,5928,5928,5928,0,2
38.393,5928,5928,5928,0,2
38.400,5928,5928,5928,0,2
38.427,5928,5928,5928,0,3
38.440,5951,5951,5951,0,3
38.450,5951,5951,5951,0,2
38.491,5974,5974,5974,0,2
38.541,5997,5997,5997,0,2
38.593,6021,6021,6021,0,2
38.600,6021,6021,6021,0,17
38.627,6021,6021,6021,0,2
38.651,6021,6021,6021,0,9
38.693,6044,6044,6044,0,12
38.727,6044,6044,6044,0,5
38.743,6068,6068,6068,0,5
38.745,6068,6068,6068,0,2
38.793,6091,6091,6091,0,2
38.846,6091,6091,6091,0,18
38.883,6091,6091,6091,0,19
38.895,6115,6115,6115,0,19
38.901,6115,6115,6115,0,19
38.921,6115,6115,6115,0,18
38.926,6115,6115,6115,0,53
38.945,6138,6138,6138,0,53
38.976,6138,6138,6138,0,11
39.026,6138,6138,6138,0,6
39.045,6162,6162,6162,0,6
39.051,6162,6162,6162,0,3
39.076,6162,6162,6162,0,2
39.098,6187,6187,6187,0,2
39.098,6187,6187,6187,0,10
39.147,6211,6211,6211,0,3
39.199,6235,6235,6235,0,3
39.201,6235,6235,6235,0,3
39.227,6235,6235,6235,0,2
39.249,6259,6259,6259,0,2
39.277,6259,6259,6259,0,14
39.299,6284,6284,6284,0,2
39.301,6284,6284,6284,0,2
39.326,6284,6284,6284,0,2
39.343,6284,6284,6284,0,6
39.350,6308,6308,6308,0,6
39.377,6308,6308,6308,0,2
39.400,6333,6333,6333,0,2
39.449,6333,6333,6333,0,16
39.452,6358,6358,6358,0,16
39.484,6358,6358,6358,0,17
39.501,6382,6382,6382,0,17
39.526,6382,6382,6382,0,9
39.551,6407,6407,6407,0,9
39.552,6407,6407,6407,0,9
39.575,6407,6407,6407,0,2
39.602,6432,6432,6432,0,2
39.602,6432,6432,6432,0,2
39.624,6432,6432,6432,0,3
39.626,6432,6432,6432,0,3
39.651,6432,6432,6432,0,3
39.652,6457,6457,6457,0,3
39.659,6457,6457,6457,0,3
39.676,6457,6457,6457,0,3
39.694,6457,6457,6457,0,2
39.702,6457,6457,6457,0,2
39.703,6482,6482,6482,0,2
39.725,6482,6482,6482,0,7
39.753,6507,6507,6507,0,7
39.777,6507,6507,6507,0,15
39.799,6507,6507,6507,0,2
39.802,6507,6507,6507,0,2
39.854,6532,6532,6532,0,2
39.901,6532,6532,6532,0,9
39.905,6557,6557,6557,0,9
39.926,6557,6557,6557,0,18
39.939,6557,6557,6557,0,17
39.952,6557,6557,6557,0,17
39.956,6583,6583,6583,0,17
39.973,6583,6583,6583,0,6
40.001,6583,6583,6583,0,5
40.006,6609,6609,6609,0,5
40.025,6609,6609,6609,0,3
40.051,6609,6609,6609,0,3
40.057,6634,6634,6634,0,3
40.076,6634,6634,6634,0,3
40.081,6634,6634,6634,0,13
40.101,6634,6634,6634,0,13
40.107,6660,6660,6660,0,13
40.126,6660,6660,6660,0,13
40.151,6660,6660,6660,0,13
40.157,6686,6686,6686,0,13
40.201,6686,6686,6686,0,3
40.207,6712,6712,6712,0,3
40.252,6712,6712,6712,0,12
40.276,6712,6712,6712,0,4
40.309,6738,6738,6738,0,4
40.351,6738,6738,6738,0,3
40.358,6764,6764,6764,0,3
40.375,6764,6764,6764,0,7
40.396,6764,6764,6764,0,2
40.402,6764,6764,6764,0,2
40.409,6791,6791,6791,0,2
40.426,6791,6791,6791,0,2
40.450,6791,6791,6791,0,2
40.460,6817,6817,6817,0,4
40.476,6817,6817,6817,0,4
40.500,6817,6817,6817,0,2
40.511,6844,6844,6844,0,2
40.526,6844,6844,6844,0,2
40.536,6844,6844,6844,0,2
40.551,6844,6844,6844,0,2
40.562,6871,6871,6871,0,2
40.570,6871,6871,6871,0,2
40.576,6871,6871,6871,0,2
40.601,6871,6871,6871,0,3
40.612,6897,6897,6897,0,2
40.663,6924,6924,6924,0,2
40.702,6924,6924,6924,0,3
40.713,6951,6951,6951,0,3
40.725,6951,6951,6951,0,3
40.745,6951,6951,6951,0,7
40.752,6951,6951,6951,0,2
40.763,6978,6978,6978,0,2
40.776,6978,6978,6978,0,2
40.800,6978,6978,6978,0,2
40.813,7005,7005,7005,0,3
40.827,7005,7005,7005,0,3
40.850,7005,7005,7005,0,2
40.851,7005,7005,7005,0,14
40.864,7032,7032,7032,0,14
40.877,7032,7032,7032,0,14
40.901,7032,7032,7032,0,3
40.915,7060,7060,7060,0,3
40.952,7060,7060,7060,0,2
40.965,7087,7087,7087,0,2
40.976,7087,7087,7087,0,2
40.992,7087,7087,7087,0,3
41.000,7087,7087,7087,0,3
41.015,7115,7115,7115,0,3
41.027,7115,7115,7115,0,3
41.028,7115,7115,7115,0,2
41.051,7115,7115,7115,0,2
41.062,7115,7115,7115,0,6
41.066,7142,7142,7142,0,6
41.101,7142,7142,7142,0,22
41.116,7170,7170,7170,0,22
41.151,7170,7170,7170,0,35
41.167,7198,7198,7198,0,35
41.176,7198,7198,7198,0,35
41.201,7198,7198,7198,0,3
41.217,7226,7226,7226,0,2
41.267,7254,7254,7254,0,4
41.277,7254,7254,7254,0,4
41.301,7254,7254,7254,0,4
41.307,7254,7254,7254,0,3
41.318,7282,7282,7282,0,3
41.368,7311,7311,7311,0,11
41.400,7311,7311,7311,0,3
41.420,7339,7339,7339,0,2
41.425,7339,7339,7339,0,2
41.452,7339,7339,7339,0,2
41.470,7368,7368,7368,0,2
41.521,7397,7397,7397,0,2
41.527,7397,7397,7397,0,2
41.550,7397,7397,7397,0,2
41.602,7397,7397,7397,0,3
41.621,7426,7426,7426,0,3
41.626,7426,7426,7426,0,3
41.652,7426,7426,7426,0,8
41.671,7455,7455,7455,0,8
41.676,7455,7455,7455,0,9
41.722,7484,7484,7484,0,7
41.725,7484,7484,7484,0,7
41.728,7484,7484,7484,0,2
41.752,7484,7484,7484,0,2
41.773,7513,7513,7513,0,9
41.798,7513,7513,7513,0,18
41.823,7542,7542,7542,0,18
41.826,7542,7542,7542,0,18
41.835,7542,7542,7542,0,18
41.852,7542,7542,7542,0,18
41.873,7571,7571,7571,0,18
41.875,7571,7571,7571,0,18
41.902,7571,7571,7571,0,2
41.973,7601,7601,7601,0,14
41.977,7601,7601,7601,0,14
42.002,7601,7601,7601,0,2
42.013,7601,7601,7601,0,2
42.025,7601,7601,7601,0,3
42.074,7629,7629,7629,0,19
42.076,7629,7629,7629,0,19
42.102,7629,7629,7629,0,24
42.124,7659,7659,7659,0,24
42.149,7659,7659,7659,0,4
42.176,7689,7689,7689,0,2
42.177,7689,7689,7689,0,2
42.201,7689,7689,7689,0,9
42.226,7689,7689,7689,0,2
42.254,7689,7689,7689,0,11
42.276,7689,7689,7689,0,3
42.277,7720,7720,7720,0,3
42.302,7720,7720,7720,0,3
42.325,7720,7720,7720,0,13
42.327,7750,7750,7750,0,13
42.351,7750,7750,7750,0,13
42.361,7750,7750,7750,0,2
42.376,7750,7750,7750,0,2
42.379,7781,7781,7781,0,2
42.428,7810,7810,7810,0,2
42.452,7810,7810,7810,0,2
42.470,7810,7810,7810,0,8
42.476,7810,7810,7810,0,8
42.529,7841,7841,7841,0,8
42.537,7841,7841,7841,0,20
42.552,7841,7841,7841,0,20
42.577,7841,7841,7841,0,8
42.580,7871,7871,7871,0,8
42.602,7871,7871,7871,0,8
42.626,7871,7871,7871,0,2
42.631,7902,7902,7902,0,2
42.651,7902,7902,7902,0,2
42.676,7902,7902,7902,0,4
42.702,7902,7902,7902,0,2
42.733,7933,7933,7933,0,2
42.746,7933,7933,7933,0,16
42.775,7933,7933,7933,0,17
42.782,7963,7963,7963,0,17
42.801,7963,7963,7963,0,16
42.827,7963,7963,7963,0,16
42.833,7963,7963,7963,0,12
42.876,7963,7963,7963,0,25
42.883,7994,7994,7994,0,25
42.890,7994,7994,7994,0,3
42.901,7994,7994,7994,0,3
42.925,7994,7994,7994,0,3
42.933,7994,7994,7994,0,3
42.958,7994,7994,7994,0,2
42.983,8025,8025,8025,0,18
43.000,8025,8025,8025,0,18
43.026,8025,8025,8025,0,2
43.034,8057,8057,8057,0,8
43.075,8057,8057,8057,0,9
43.085,8088,8088,8088,0,9
43.101,8088,8088,8088,0,9
43.125,8088,8088,8088,0,10
43.132,8088,8088,8088,0,12
43.135,8119,8119,8119,0,12
43.152,8119,8119,8119,0,12
43.168,8119,8119,8119,0,12
43.175,8119,8119,8119,0,12
43.186,8119,8119,8119,0,30
43.236,8119,8119,8119,0,25
43.237,8152,8152,8152,0,25
43.252,8152,8152,8152,0,25
43.273,8152,8152,8152,0,10
43.275,8152,8152,8152,0,10
43.308,8152,8152,8152,0,19
43.338,8183,8183,8183,0,19
43.351,8183,8183,8183,0,19
43.377,8183,8183,8183,0,9
43.414,8183,8183,8183,0,8
43.438,8215,8215,8215,0,8
43.450,8215,8215,8215,0,8
43.477,8215,8215,8215,0,22
43.489,8247,8247,8247,0,22
43.518,8247,8247,8247,0,23
43.552,8247,8247,8247,0,3
43.576,8247,8247,8247,0,2
43.591,8280,8280,8280,0,2
43.601,8280,8280,8280,0,2
43.624,8280,8280,8280,0,2
43.626,8280,8280,8280,0,2
43.640,8280,8280,8280,0,28
43.676,8280,8280,8280,0,4
43.690,8312,8312,8312,0,4
43.702,8312,8312,8312,0,4
43.725,8312,8312,8312,0,3
43.741,8312,8312,8312,0,2
43.791,8344,8344,8344,0,2
43.800,8344,8344,8344,0,3
43.801,8344,8344,8344,0,3
43.825,8344,8344,8344,0,3
43.852,8344,8344,8344,0,2
43.892,8377,8377,8377,0,2
43.900,8377,8377,8377,0,2
43.927,8377,8377,8377,0,23
43.974,8377,8377,8377,0,48
43.993,8377,8377,8377,0,50
44.026,8377,8377,8377,0,20
44.043,8377,8377,8377,0,20
44.051,8377,8377,8377,0,20
44.076,8377,8377,8377,0,4
44.093,8377,8377,8377,0,13
44.114,8377,8377,8377,0,15
44.144,8409,8409,8409,0,15
44.151,8409,8409,8409,0,15
44.177,8409,8409,8409,0,14
44.200,8409,8409,8409,0,4
44.245,8442,8442,8442,0,2
44.250,8442,8442,8442,0,2
44.277,8442,8442,8442,0,10
44.295,8463,8463,8463,0,10
44.327,8463,8463,8463,0,13
44.362,8463,8463,8463,0,2
44.396,8495,8495,8495,0,2
44.401,8495,8495,8495,0,2
44.426,8495,8495,8495,0,12
44.447,8495,8495,8495,0,13
44.476,8495,8495,8495,0,3
44.526,8495,8495,8495,0,2
44.598,8528,8528,8528,0,14
44.601,8528,8528,8528,0,14
44.627,8528,8528,8528,0,24
44.675,8528,8528,8528,0,8
44.699,8562,8562,8562,0,27
44.702,8562,8562,8562,0,27
44.726,8562,8562,8562,0,16
44.746,8562,8562,8562,0,15
44.783,8562,8562,8562,0,12
44.849,8562,8562,8562,0,13
44.851,8596,8596,8596,0,13
44.852,8596,8596,8596,0,13
44.875,8596,8596,8596,0,17
44.901,8596,8596,8596,0,2
44.954,8630,8630,8630,0,2
44.958,8630,8630,8630,0,3
44.976,8630,8630,8630,0,3
44.991,8630,8630,8630,0,3
45.002,8630,8630,8630,0,3
45.027,8630,8630,8630,0,15
45.050,8630,8630,8630,0,2
45.053,8664,8664,8664,0,2
45.076,8664,8664,8664,0,15
45.097,8664,8664,8664,0,3
45.102,8664,8664,8664,0,3
45.151,8664,8664,8664,0,2
45.155,8665,8665,8665,0,2
45.177,8665,8665,8665,0,2
45.201,8665,8665,8665,0,5
45.226,8665,8665,8665,0,15
45.251,8665,8665,8665,0,8
45.302,8665,8665,8665,0,38
45.306,8665,8665,8665,0,39
45.356,8665,8665,8665,0,11
45.401,8665,8665,8665,0,10
45.407,8699,8699,8699,0,10
45.427,8699,8699,8699,0,10
45.448,8699,8699,8699,0,3
45.451,8699,8699,8699,0,3
45.475,8699,8699,8699,0,2
45.502,8699,8699,8699,0,23
45.509,8733,8733,8733,0,23
45.525,8733,8733,8733,0,23
45.552,8733,8733,8733,0,2
45.601,8733,8733,8733,0,28
45.610,8766,8766,8766,0,28
45.744,8766,8766,8766,0,28
45.745,8858,8858,8858,0,149
45.750,8858,8858,8858,0,149
45.777,8858,8858,8858,0,4
45.796,8893,8893,8893,0,4
45.800,8893,8893,8893,0,4
45.827,8893,8893,8893,0,2
45.841,8893,8893,8893,0,2
45.847,8928,8928,8928,0,2
45.850,8928,8928,8928,0,2
45.871,8928,8928,8928,0,3
45.877,8928,8928,8928,0,3
45.896,8961,8961,8961,0,3
45.900,8961,8961,8961,0,3
45.908,8961,8961,8961,0,31
45.927,8961,8961,8961,0,31
45.977,8961,8961,8961,0,21
45.999,8961,8961,8961,0,13
46.050,8961,8961,8961,0,20
46.051,8997,8997,8997,0,20
46.052,8997,8997,8997,0,20
46.075,8997,8997,8997,0,20
46.084,8997,8997,8997,0,20
46.120,8997,8997,8997,0,4
46.151,9033,9033,9033,0,4
46.177,9033,9033,9033,0,4
46.191,9033,9033,9033,0,6
46.200,9033,9033,9033,0,6
46.250,9033,9033,9033,0,32
46.253,9068,9068,9068,0,32
46.263,9068,9068,9068,0,4
46.277,9068,9068,9068,0,4
46.297,9068,9068,9068,0,4
46.301,9068,9068,9068,0,4
46.303,9104,9104,9104,0,4
46.326,9104,9104,9104,0,32
46.350,9104,9104,9104,0,33
46.377,9104,9104,9104,0,5
46.426,9104,9104,9104,0,4
46.451,9104,9104,9104,0,13
46.501,9104,9104,9104,0,14
46.507,9139,9139,9139,0,14
46.527,9139,9139,9139,0,24
46.551,9139,9139,9139,0,12
46.575,9139,9139,9139,0,13
46.602,9139,9139,9139,0,2
46.609,9176,9176,9176,0,2
46.626,9176,9176,9176,0,18
46.650,9176,9176,9176,0,18
46.650,9176,9176,9176,0,14
46.702,9176,9176,9176,0,16
46.711,9212,9212,9212,0,16
46.726,9212,9212,9212,0,16
46.752,9212,9212,9212,0,3
46.760,9247,9247,9247,0,3
46.776,9247,9247,9247,0,3
46.802,9247,9247,9247,0,34
46.811,9247,9247,9247,0,34
46.827,9247,9247,9247,0,34
46.850,9247,9247,9247,0,23
46.859,9247,9247,9247,0,8
46.861,9283,9283,9283,0,8
46.877,9283,9283,9283,0,8
46.895,9283,9283,9283,0,2
46.901,9283,9283,9283,0,2
46.963,9320,9320,9320,0,5
46.975,9320,9320,9320,0,5
47.001,9320,9320,9320,0,5
47.013,9320,9320,9320,0,11
47.051,9320,9320,9320,0,9
47.065,9357,9357,9357,0,9
47.076,9357,9357,9357,0,9
47.102,9357,9357,9357,0,9
47.115,9357,9357,9357,0,14
47.142,9357,9357,9357,0,13
47.165,9393,9393,9393,0,17
47.176,9393,9393,9393,0,17
47.200,9393,9393,9393,0,17
47.214,9393,9393,9393,0,2
47.216,9430,9430,9430,0,2
47.226,9430,9430,9430,0,2
47.252,9430,9430,9430,0,2
47.267,9467,9467,9467,0,38
47.276,9467,9467,9467,0,38
47.301,9467,9467,9467,0,38
47.318,9504,9504,9504,0,23
47.326,9504,9504,9504,0,23
47.351,9504,9504,9504,0,23
47.354,9504,9504,9504,0,22
47.402,9504,9504,9504,0,19
47.419,9504,9504,9504,0,19
47.426,9504,9504,9504,0,19
47.452,9504,9504,9504,0,4
47.495,9504,9504,9504,0,17
47.520,9542,9542,9542,0,17
47.527,9542,9542,9542,0,17
47.551,9542,9542,9542,0,4
47.565,9542,9542,9542,0,4
47.622,9542,9542,9542,0,4
47.626,9542,9542,9542,0,4
47.639,9542,9542,9542,0,15
47.651,9542,9542,9542,0,15
47.671,9543,9543,9543,0,16
47.675,9543,9543,9543,0,16
47.702,9543,9543,9543,0,15
47.722,9580,9580,9580,0,18
47.725,9580,9580,9580,0,18
47.740,9580,9580,9580,0,17
47.751,9580,9580,9580,0,17
47.773,9617,9617,9617,0,19
47.777,9617,9617,9617,0,19
47.800,9617,9617,9617,0,19
47.811,9617,9617,9617,0,4
47.846,9617,9617,9617,0,2
47.875,9656,9656,9656,0,11
47.876,9656,9656,9656,0,11
47.901,9656,9656,9656,0,9
47.952,9656,9656,9656,0,3
47.976,9693,9693,9693,0,3
47.976,9693,9693,9693,0,3
48.002,9693,9693,9693,0,3
48.026,9693,9693,9693,0,7
48.077,9693,9693,9693,0,2
48.126,9693,9693,9693,0,3
48.128,9730,9730,9730,0,3
48.152,9730,9730,9730,0,4
48.175,9730,9730,9730,0,40
48.178,9768,9768,9768,0,40
48.202,9768,9768,9768,0,40
48.226,9768,9768,9768,0,38
48.229,9806,9806,9806,0,38
48.251,9806,9806,9806,0,24
48.276,9806,9806,9806,0,24
48.327,9806,9806,9806,0,28
48.330,9845,9845,9845,0,28
48.352,9845,9845,9845,0,28
48.375,9845,9845,9845,0,24
48.376,9845,9845,9845,0,24
48.412,9845,9845,9845,0,29
48.445,9845,9845,9845,0,2
48.476,9845,9845,9845,0,6
48.481,9845,9845,9845,0,6
48.502,9845,9845,9845,0,6
48.516,9845,9845,9845,0,2
48.526,9845,9845,9845,0,2
48.551,9845,9845,9845,0,17
48.582,9883,9883,9883,0,17
48.588,9883,9883,9883,0,24
48.601,9883,9883,9883,0,24
48.626,9883,9883,9883,0,24
48.631,9921,9921,9921,0,24
48.650,9921,9921,9921,0,40
48.677,9921,9921,9921,0,24
48.682,9960,9960,9960,0,24
48.691,9960,9960,9960,0,23
48.700,9960,9960,9960,0,23
48.726,9960,9960,9960,0,29
48.752,9960,9960,9960,0,2
48.761,9960,9960,9960,0,5
48.826,9960,9960,9960,0,3
48.833,9999,9999,9999,0,3
48.851,9999,9999,9999,0,12
48.869,9999,9999,9999,0,12
48.875,9999,9999,9999,0,12
48.904,9999,9999,9999,0,4
48.926,9999,9999,9999,0,2
48.933,9999,9999,9999,0,2
48.951,9999,9999,9999,0,2
48.975,9999,9999,9999,0,2
48.977,9999,9999,9999,0,2
49.001,9999,9999,9999,0,11
49.046,9999,9999,9999,0,14
49.084,10038,10038,10038,0,14
49.101,10038,10038,10038,0,16
49.127,10038,10038,10038,0,25
49.176,10038,10038,10038,0,8
49.185,10038,10038,10038,0,8
49.201,10038,10038,10038,0,9
49.226,10038,10038,10038,0,9
49.236,10038,10038,10038,0,6
49.286,10039,10039,10039,0,6
49.290,10039,10039,10039,0,24
49.302,10039,10039,10039,0,24
49.325,10039,10039,10039,0,20
49.376,10039,10039,10039,0,10
49.387,10078,10078,10078,0,10
49.397,10078,10078,10078,0,11
49.401,10078,10078,10078,0,11
49.427,10078,10078,10078,0,2
49.472,10078,10078,10078,0,6
49.500,10078,10078,10078,0,4
49.537,10078,10078,10078,0,39
49.590,10078,10078,10078,0,62
49.640,4719,4719,4719,0,38
49.675,4719,4719,4719,0,30
49.690,4720,4720,4720,0,34
49.702,4720,4720,4720,0,34
49.715,4720,4720,4720,0,40
49.727,4720,4720,4720,0,40
49.740,4738,4738,4738,0,40
49.749,4738,4738,4738,0,26
49.751,4738,4738,4738,0,26
49.775,4738,4738,4738,0,26
49.785,4738,4738,4738,0,22
49.791,4757,4757,4757,0,22
49.801,4757,4757,4757,0,22
49.818,4757,4757,4757,0,16
49.826,4757,4757,4757,0,16
49.842,4775,4775,4775,0,16
49.851,4775,4775,4775,0,16
49.877,4775,4775,4775,0,3
49.888,4775,4775,4775,0,3
49.892,4794,4794,4794,0,3
49.901,4794,4794,4794,0,3
49.925,4794,4794,4794,0,11
49.942,4812,4812,4812,0,11
49.951,4812,4812,4812,0,11
49.976,4812,4812,4812,0,11
49.993,4831,4831,4831,0,11
50.001,4831,4831,4831,0,11
50.026,4831,4831,4831,0,10
50.044,4831,4831,4831,0,2
50.052,4831,4831,4831,0,2
50.075,4831,4831,4831,0,2
50.095,4831,4831,4831,0,11
50.101,4831,4831,4831,0,11
50.126,4831,4831,4831,0,7
50.146,4832,4832,4832,0,7
50.150,4832,4832,4832,0,7
50.176,4832,4832,4832,0,3
50.197,4851,4851,4851,0,5
50.201,4851,4851,4851,0,5
50.225,4851,4851,4851,0,2
50.246,4870,4870,4870,0,2
50.251,4870,4870,4870,0,2
50.270,4870,4870,4870,0,2
50.276,4870,4870,4870,0,2
50.296,4889,4889,4889,0,7
50.302,4889,4889,4889,0,7
50.325,4889,4889,4889,0,3
50.347,4908,4908,4908,0,3
50.351,4908,4908,4908,0,3
50.377,4908,4908,4908,0,3
50.398,4927,4927,4927,0,2
50.401,4927,4927,4927,0,2
50.426,4927,4927,4927,0,2
50.447,4927,4927,4927,0,3
50.449,4946,4946,4946,0,3
50.451,4946,4946,4946,0,3
50.477,4946,4946,4946,0,3
50.499,4965,4965,4965,0,4
50.501,4965,4965,4965,0,4
50.517,4965,4965,4965,0,2
50.525,4965,4965,4965,0,2
50.550,4985,4985,4985,0,2
50.551,4985,4985,4985,0,2
50.577,4985,4985,4985,0,2
50.601,4985,4985,4985,0,2
50.601,5004,5004,5004,0,2
50.628,5004,5004,5004,0,2
50.651,5004,5004,5004,0,3
50.652,5024,5024,5024,0,3
50.676,5024,5024,5024,0,3
50.696,5024,5024,5024,0,2
50.725,5024,5024,5024,0,3
50.752,5024,5024,5024,0,2
50.752,5044,5044,5044,0,2
50.777,5044,5044,5044,0,2
50.800,5044,5044,5044,0,2
50.803,5063,5063,5063,0,2
50.827,5063,5063,5063,0,14
50.851,5063,5063,5063,0,14
50.853,5083,5083,5083,0,14
50.872,5083,5083,5083,0,2
50.901,5083,5083,5083,0,3
50.905,5103,5103,5103,0,3
50.925,5103,5103,5103,0,3
50.941,5103,5103,5103,0,2
50.951,5103,5103,5103,0,2
50.954,5123,5123,5123,0,2
50.976,5123,5123,5123,0,2
51.001,5123,5123,5123,0,2
51.004,5143,5143,5143,0,2
51.013,5143,5143,5143,0,2
51.027,5143,5143,5143,0,2
51.051,5143,5143,5143,0,2
51.055,5163,5163,5163,0,2
51.075,5163,5163,5163,0,2
51.101,5163,5163,5163,0,2
51.106,5183,5183,5183,0,2
51.127,5183,5183,5183,0,3
51.150,5183,5183,5183,0,3
51.154,5183,5183,5183,0,2
51.157,5203,5203,5203,0,2
51.176,5203,5203,5203,0,2
51.188,5203,5203,5203,0,3
51.201,5203,5203,5203,0,3
51.207,5223,5223,5223,0,3
51.226,5223,5223,5223,0,3
51.250,5223,5223,5223,0,2
51.258,5244,5244,5244,0,2
51.277,5244,5244,5244,0,8
51.295,5244,5244,5244,0,4
51.307,5264,5264,5264,0,4
51.327,5264,5264,5264,0,4
51.330,5264,5264,5264,0,2
51.350,5264,5264,5264,0,2
51.358,5285,5285,5285,0,2
51.364,5285,5285,5285,0,8
51.377,5285,5285,5285,0,8
51.400,5285,5285,5285,0,8
51.409,5285,5285,5285,0,2
51.434,5285,5285,5285,0,8
51.459,5305,5305,5305,0,8
51.472,5305,5305,5305,0,2
51.476,5305,5305,5305,0,2
51.501,5305,5305,5305,0,2
51.510,5326,5326,5326,0,2
51.526,5326,5326,5326,0,4
51.551,5326,5326,5326,0,4
51.559,5346,5346,5346,0,2
51.577,5346,5346,5346,0,8
51.600,5346,5346,5346,0,9
51.610,5367,5367,5367,0,2
51.627,5367,5367,5367,0,2
51.645,5367,5367,5367,0,2
51.651,5367,5367,5367,0,2
51.660,5388,5388,5388,0,2
51.675,5388,5388,5388,0,2
51.684,5388,5388,5388,0,2
51.701,5388,5388,5388,0,2
51.710,5409,5409,5409,0,2
51.801,5409,5409,5409,0,5
51.811,5430,5430,5430,0,5
51.823,5430,5430,5430,0,2
51.826,5430,5430,5430,0,2
51.851,5430,5430,5430,0,2
51.861,5451,5451,5451,0,2
51.875,5451,5451,5451,0,2
51.894,5451,5451,5451,0,6
51.902,5451,5451,5451,0,6
51.912,5472,5472,5472,0,3
51.925,5472,5472,5472,0,3
51.951,5472,5472,5472,0,3
51.963,5493,5493,5493,0,16
51.976,5493,5493,5493,0,16
52.001,5493,5493,5493,0,4
52.014,5515,5515,5515,0,4
52.027,5515,5515,5515,0,2
52.052,5515,5515,5515,0,5
52.063,5536,5536,5536,0,5
52.075,5536,5536,5536,0,5
52.101,5536,5536,5536,0,3
52.114,5558,5558,5558,0,3
52.127,5558,5558,5558,0,3
52.142,5558,5558,5558,0,3
52.151,5558,5558,5558,0,3
52.164,5579,5579,5579,0,2
52.177,5579,5579,5579,0,2
52.200,5579,5579,5579,0,2
52.211,5579,5579,5579,0,5
52.246,5579,5579,5579,0,6
52.267,5601,5601,5601,0,6
52.277,5601,5601,5601,0,6
52.301,5601,5601,5601,0,2
52.317,5623,5623,5623,0,2
52.326,5623,5623,5623,0,2
52.351,5623,5623,5623,0,2
52.368,5645,5645,5645,0,2
52.376,5645,5645,5645,0,2
52.401,5645,5645,5645,0,2
52.419,5667,5667,5667,0,2
52.426,5667,5667,5667,0,2
52.451,5667,5667,5667,0,3
52.459,5667,5667,5667,0,2
52.470,5689,5689,5689,0,2
52.475,5689,5689,5689,0,2
52.501,5689,5689,5689,0,2
52.519,5711,5711,5711,0,2
52.526,5711,5711,5711,0,2
52.552,5711,5711,5711,0,7
52.569,5733,5733,5733,0,7
52.576,5733,5733,5733,0,7
52.600,5733,5733,5733,0,4
52.620,5756,5756,5756,0,4
52.626,5756,5756,5756,0,2
52.652,5756,5756,5756,0,5
52.670,5778,5778,5778,0,2
52.675,5778,5778,5778,0,2
52.702,5778,5778,5778,0,2
52.720,5800,5800,5800,0,2
52.725,5800,5800,5800,0,2
52.751,5800,5800,5800,0,2
52.771,5823,5823,5823,0,2
52.777,5823,5823,5823,0,2
52.801,5823,5823,5823,0,2
52.810,5823,5823,5823,0,2
52.822,5846,5846,5846,0,2
52.826,5846,5846,5846,0,2
52.852,5846,5846,5846,0,2
52.872,5868,5868,5868,0,2
52.875,5868,5868,5868,0,2
52.902,5868,5868,5868,0,2
52.921,5868,5868,5868,0,14
52.922,5891,5891,5891,0,14
52.926,5891,5891,5891,0,14
52.951,5891,5891,5891,0,14
52.974,5915,5915,5915,0,2
52.976,5915,5915,5915,0,2
52.990,5915,5915,5915,0,10
53.001,5915,5915,5915,0,10
53.024,5937,5937,5937,0,9
53.026,5937,5937,5937,0,9
53.051,5937,5937,5937,0,6
53.074,5960,5960,5960,0,3
53.077,5960,5960,5960,0,3
53.095,5960,5960,5960,0,15
53.100,5960,5960,5960,0,15
53.125,5984,5984,5984,0,15
53.126,5984,5984,5984,0,15
53.133,5984,5984,5984,0,2
53.151,5984,5984,5984,0,2
53.166,5984,5984,5984,0,2
53.175,6007,6007,6007,0,2
53.177,6007,6007,6007,0,2
53.199,6007,6007,6007,0,12
53.200,6007,6007,6007,0,12
53.226,6030,6030,6030,0,2
53.227,6030,6030,6030,0,2
53.250,6030,6030,6030,0,2
53.276,6054,6054,6054,0,2
53.277,6054,6054,6054,0,2
53.301,6054,6054,6054,0,6
53.325,6054,6054,6054,0,2
53.328,6078,6078,6078,0,2
53.351,6078,6078,6078,0,3
53.376,6078,6078,6078,0,3
53.377,6101,6101,6101,0,3
53.402,6101,6101,6101,0,4
53.426,6101,6101,6101,0,4
53.427,6125,6125,6125,0,4
53.450,6125,6125,6125,0,4
53.476,6125,6125,6125,0,8
53.478,6149,6149,6149,0,8
53.501,6149,6149,6149,0,17
53.525,6149,6149,6149,0,17
53.528,6172,6172,6172,0,17
53.552,6172,6172,6172,0,11
53.577,6172,6172,6172,0,3
53.578,6196,6196,6196,0,3
53.600,6196,6196,6196,0,3
53.627,6196,6196,6196,0,9
53.629,6220,6220,6220,0,9
53.650,6220,6220,6220,0,8
53.677,6220,6220,6220,0,13
53.680,6245,6245,6245,0,13
53.700,6245,6245,6245,0,13
53.726,6245,6245,6245,0,2
53.730,6269,6269,6269,0,2
53.752,6269,6269,6269,0,2
53.764,6269,6269,6269,0,4
53.776,6269,6269,6269,0,4
53.780,6293,6293,6293,0,4
53.799,6293,6293,6293,0,19
53.801,6293,6293,6293,0,19
53.825,6293,6293,6293,0,20
53.831,6318,6318,6318,0,20
53.852,6318,6318,6318,0,20
53.868,6318,6318,6318,0,20
53.876,6318,6318,6318,0,20
53.881,6342,6342,6342,0,20
53.901,6342,6342,6342,0,3
53.927,6342,6342,6342,0,2
53.931,6367,6367,6367,0,2
53.951,6367,6367,6367,0,2
53.975,6367,6367,6367,0,4
53.976,6367,6367,6367,0,4
53.982,6392,6392,6392,0,4
54.001,6392,6392,6392,0,2
54.027,6392,6392,6392,0,6
54.031,6416,6416,6416,0,6
54.047,6416,6416,6416,0,2
54.050,6416,6416,6416,0,2
54.077,6416,6416,6416,0,2
54.082,6441,6441,6441,0,2
54.100,6441,6441,6441,0,16
54.127,6441,6441,6441,0,2
54.133,6466,6466,6466,0,2
54.150,6466,6466,6466,0,3
54.175,6466,6466,6466,0,18
54.184,6492,6492,6492,0,18
54.201,6492,6492,6492,0,18
54.220,6492,6492,6492,0,7
54.226,6492,6492,6492,0,7
54.234,6517,6517,6517,0,4
54.252,6517,6517,6517,0,4
54.276,6517,6517,6517,0,6
54.284,6542,6542,6542,0,6
54.301,6542,6542,6542,0,5
54.325,6542,6542,6542,0,5
54.327,6542,6542,6542,0,5
54.336,6568,6568,6568,0,2
54.350,6568,6568,6568,0,2
54.361,6568,6568,6568,0,2
54.377,6568,6568,6568,0,2
54.386,6594,6594,6594,0,2
54.394,6594,6594,6594,0,2
54.400,6594,6594,6594,0,2
54.426,6594,6594,6594,0,2
54.438,6620,6620,6620,0,2
54.451,6620,6620,6620,0,2
54.476,6620,6620,6620,0,2
54.487,6645,6645,6645,0,3
54.502,6645,6645,6645,0,3
54.526,6645,6645,6645,0,2
54.538,6671,6671,6671,0,2
54.552,6671,6671,6671,0,16
54.575,6671,6671,6671,0,16
54.589,6697,6697,6697,0,5
54.600,6697,6697,6697,0,5
54.605,6697,6697,6697,0,2
54.626,6697,6697,6697,0,2
54.639,6723,6723,6723,0,2
54.652,6723,6723,6723,0,2
54.675,6723,6723,6723,0,2
54.690,6750,6750,6750,0,3
54.701,6750,6750,6750,0,2
54.727,6750,6750,6750,0,3
54.740,6776,6776,6776,0,3
54.752,6776,6776,6776,0,3
54.775,6776,6776,6776,0,2
54.792,6803,6803,6803,0,2
54.802,6803,6803,6803,0,2
54.817,6803,6803,6803,0,19
54.825,6803,6803,6803,0,19
54.841,6829,6829,6829,0,3
54.851,6829,6829,6829,0,3
54.875,6829,6829,6829,0,2
54.887,6829,6829,6829,0,11
54.892,6855,6855,6855,0,11
54.902,6855,6855,6855,0,11
54.926,6855,6855,6855,0,11
54.943,6882,6882,6882,0,16
54.951,6882,6882,6882,0,16
54.958,6882,6882,6882,0,13
54.975,6882,6882,6882,0,2
54.993,6909,6909,6909,0,2
55.000,6909,6909,6909,0,2
55.025,6909,6909,6909,0,7
55.044,6936,6936,6936,0,8
55.052,6936,6936,6936,0,8
55.076,6936,6936,6936,0,8
55.093,6962,6962,6962,0,2
55.101,6962,6962,6962,0,2
55.126,6962,6962,6962,0,2
55.144,6990,6990,6990,0,2
55.194,7017,7017,7017,0,2
55.201,7017,7017,7017,0,2
55.226,7017,7017,7017,0,3
55.245,7044,7044,7044,0,3
55.251,7044,7044,7044,0,3
55.273,7044,7044,7044,0,17
55.277,7044,7044,7044,0,17
55.296,7072,7072,7072,0,17
55.301,7072,7072,7072,0,2
55.325,7072,7072,7072,0,2
55.344,7072,7072,7072,0,5
55.346,7099,7099,7099,0,5
55.351,7099,7099,7099,0,5
55.377,7099,7099,7099,0,5
55.396,7126,7126,7126,0,5
55.400,7126,7126,7126,0,5
55.417,7126,7126,7126,0,10
55.426,7126,7126,7126,0,10
55.447,7154,7154,7154,0,3
55.451,7154,7154,7154,0,3
55.475,7154,7154,7154,0,3
55.483,7154,7154,7154,0,9
55.497,7182,7182,7182,0,9
55.502,7182,7182,7182,0,9
55.517,7182,7182,7182,0,14
55.525,7182,7182,7182,0,14
55.548,7210,7210,7210,0,14
55.551,7210,7210,7210,0,14
55.577,7210,7210,7210,0,14
55.588,7210,7210,7210,0,2
55.597,7238,7238,7238,0,2
55.648,7266,7266,7266,0,3
55.652,7266,7266,7266,0,3
55.659,7266,7266,7266,0,2
55.676,7266,7266,7266,0,2
55.691,7266,7266,7266,0,8
55.698,7294,7294,7294,0,8
55.702,7294,7294,7294,0,8
55.726,7294,7294,7294,0,8
55.729,7294,7294,7294,0,2
55.749,7320,7320,7320,0,2
55.800,7348,7348,7348,0,2
55.802,7348,7348,7348,0,2
55.826,7348,7348,7348,0,3
55.851,7377,7377,7377,0,3
55.851,7377,7377,7377,0,4
55.877,7377,7377,7377,0,2
55.901,7377,7377,7377,0,2
55.902,7407,7407,7407,0,2
55.907,7407,7407,7407,0,2
55.926,7407,7407,7407,0,14
55.952,7407,7407,7407,0,5
55.952,7435,7435,7435,0,5
55.973,7435,7435,7435,0,4
55.976,7435,7435,7435,0,4
56.000,7435,7435,7435,0,4
56.005,7465,7465,7465,0,4
56.027,7465,7465,7465,0,19
56.044,7465,7465,7465,0,14
56.051,7465,7465,7465,0,14
56.054,7494,7494,7494,0,14
56.100,7494,7494,7494,0,2
56.106,7524,7524,7524,0,2
56.126,7524,7524,7524,0,2
56.148,7524,7524,7524,0,2
56.151,7524,7524,7524,0,2
56.156,7553,7553,7553,0,2
56.177,7553,7553,7553,0,24
56.200,7553,7553,7553,0,19
56.208,7583,7583,7583,0,19
56.227,7583,7583,7583,0,19
56.252,7583,7583,7583,0,14
56.257,7612,7612,7612,0,12
56.276,7612,7612,7612,0,12
56.302,7612,7612,7612,0,3
56.308,7642,7642,7642,0,3
56.325,7642,7642,7642,0,9
56.352,7642,7642,7642,0,8
56.359,7671,7671,7671,0,8
56.375,7671,7671,7671,0,34
56.402,7671,7671,7671,0,34
56.409,7671,7671,7671,0,24
56.425,7671,7671,7671,0,24
56.451,7671,7671,7671,0,2
56.460,7671,7671,7671,0,2
56.476,7671,7671,7671,0,2
56.500,7671,7671,7671,0,3
56.502,7671,7671,7671,0,3
56.511,7671,7671,7671,0,15
56.550,7671,7671,7671,0,3
56.562,7701,7701,7701,0,7
56.577,7701,7701,7701,0,7
56.601,7701,7701,7701,0,7
56.605,7701,7701,7701,0,20
56.612,7731,7731,7731,0,20
56.626,7731,7731,7731,0,20
56.641,7731,7731,7731,0,15
56.651,7731,7731,7731,0,15
56.664,7762,7762,7762,0,15
56.676,7762,7762,7762,0,15
56.701,7762,7762,7762,0,2
56.713,7792,7792,7792,0,2
56.725,7792,7792,7792,0,2
56.745,7792,7792,7792,0,2
56.752,7792,7792,7792,0,2
56.764,7822,7822,7822,0,28
56.775,7822,7822,7822,0,19
56.801,7822,7822,7822,0,19
56.814,7852,7852,7852,0,3
56.819,7852,7852,7852,0,4
56.826,7852,7852,7852,0,4
56.852,7852,7852,7852,0,4
56.865,7883,7883,7883,0,20
56.875,7883,7883,7883,0,20
56.902,7883,7883,7883,0,14
56.916,7914,7914,7914,0,14
56.926,7914,7914,7914,0,14
56.952,7914,7914,7914,0,21
56.990,7914,7914,7914,0,2
57.016,7945,7945,7945,0,3
57.026,7945,7945,7945,0,3
57.051,7945,7945,7945,0,2
57.067,7976,7976,7976,0,2
57.076,7976,7976,7976,0,2
57.097,7976,7976,7976,0,2
57.102,7976,7976,7976,0,2
57.117,8007,8007,8007,0,3
57.127,8007,8007,8007,0,3
57.151,8007,8007,8007,0,7
57.168,8038,8038,8038,0,7
57.175,8038,8038,8038,0,7
57.202,8038,8038,8038,0,2
57.218,8069,8069,8069,0,2
57.226,8069,8069,8069,0,17
57.251,8069,8069,8069,0,12
57.270,8102,8102,8102,0,12
57.275,8102,8102,8102,0,12
57.300,8102,8102,8102,0,36
57.320,8102,8102,8102,0,36
57.326,8102,8102,8102,0,36
57.341,8102,8102,8102,0,21
57.352,8102,8102,8102,0,21
57.370,8103,8103,8103,0,16
57.376,8103,8103,8103,0,16
57.401,8103,8103,8103,0,16
57.412,8103,8103,8103,0,19
57.420,8134,8134,8134,0,19
57.426,8134,8134,8134,0,19
57.446,8134,8134,8134,0,3
57.450,8134,8134,8134,0,12
57.471,8166,8166,8166,0,12
57.477,8166,8166,8166,0,12
57.501,8166,8166,8166,0,2
57.521,8197,8197,8197,0,2
57.525,8197,8197,8197,0,2
57.552,8197,8197,8197,0,2
57.572,8197,8197,8197,0,2
57.623,8230,8230,8230,0,2
57.626,8230,8230,8230,0,2
57.650,8230,8230,8230,0,9
57.673,8230,8230,8230,0,15
57.697,8230,8230,8230,0,9
57.723,8262,8262,8262,0,9
57.727,8262,8262,8262,0,9
57.751,8262,8262,8262,0,9
57.774,8294,8294,8294,0,9
57.776,8294,8294,8294,0,9
57.798,8294,8294,8294,0,29
57.800,8294,8294,8294,0,29
57.825,8327,8327,8327,0,6
57.827,8327,8327,8327,0,6
57.852,8327,8327,8327,0,14
57.901,8327,8327,8327,0,3
57.926,8359,8359,8359,0,3
57.951,8359,8359,8359,0,11
57.972,8359,8359,8359,0,10
57.976,8359,8359,8359,0,10
57.978,8392,8392,8392,0,10
58.002,8392,8392,8392,0,5
58.025,8392,8392,8392,0,4
58.076,8392,8392,8392,0,20
58.077,8425,8425,8425,0,20
58.101,8425,8425,8425,0,6
58.127,8425,8425,8425,0,19
58.127,8425,8425,8425,0,19
58.151,8425,8425,8425,0,19
58.176,8425,8425,8425,0,29
58.178,8458,8458,8458,0,29
58.202,8458,8458,8458,0,13
58.226,8458,8458,8458,0,13
58.250,8458,8458,8458,0,25
58.279,8490,8490,8490,0,2
58.301,8490,8490,8490,0,2
58.324,8490,8490,8490,0,18
58.325,8490,8490,8490,0,18
58.330,8490,8490,8490,0,18
58.351,8490,8490,8490,0,2
58.376,8490,8490,8490,0,2
58.427,8490,8490,8490,0,13
58.430,8523,8523,8523,0,13
58.450,8523,8523,8523,0,28
58.463,8523,8523,8523,0,29
58.476,8523,8523,8523,0,29
58.481,8523,8523,8523,0,29
58.498,8523,8523,8523,0,2
58.502,8523,8523,8523,0,2
58.525,8523,8523,8523,0,2
58.530,8555,8555,8555,0,2
58.552,8555,8555,8555,0,9
58.569,8555,8555,8555,0,14
58.577,8555,8555,8555,0,14
58.626,8555,8555,8555,0,15
58.632,8589,8589,8589,0,15
58.651,8589,8589,8589,0,15
58.674,8589,8589,8589,0,13
58.677,8589,8589,8589,0,13
58.713,8589,8589,8589,0,2
58.782,8623,8623,8623,0,2
58.802,8623,8623,8623,0,8
58.825,8623,8623,8623,0,8
58.850,8623,8623,8623,0,14
58.883,8657,8657,8657,0,40
58.901,8657,8657,8657,0,40
58.920,8657,8657,8657,0,16
58.926,8657,8657,8657,0,16
58.985,8692,8692,8692,0,16
59.001,8692,8692,8692,0,18
59.025,8692,8692,8692,0,18
59.087,8726,8726,8726,0,3
59.100,8726,8726,8726,0,3
59.126,8726,8726,8726,0,10
59.137,8726,8726,8726,0,11
59.187,8726,8726,8726,0,22
59.227,8726,8726,8726,0,16
59.236,8726,8726,8726,0,9
59.237,8761,8761,8761,0,9
59.251,8761,8761,8761,0,9
59.275,8761,8761,8761,0,5
59.276,8761,8761,8761,0,5
59.339,8761,8761,8761,0,31
59.351,8761,8761,8761,0,31
59.375,8761,8761,8761,0,9
59.388,8761,8761,8761,0,9
59.402,8761,8761,8761,0,10
59.425,8761,8761,8761,0,10
59.439,8795,8795,8795,0,4
59.452,8795,8795,8795,0,4
59.476,8795,8795,8795,0,6
59.516,8795,8795,8795,0,22
59.541,8829,8829,8829,0,22
59.551,8829,8829,8829,0,21
59.576,8829,8829,8829,0,16
59.622,8829,8829,8829,0,2
59.651,8829,8829,8829,0,16
59.691,8864,8864,8864,0,16
59.692,8864,8864,8864,0,3
59.701,8864,8864,8864,0,3
59.727,8864,8864,8864,0,3
59.742,8864,8864,8864,0,2
59.763,8864,8864,8864,0,3
59.793,8899,8899,8899,0,3
59.797,8899,8899,8899,0,35
59.801,8899,8899,8899,0,35
59.826,8899,8899,8899,0,35
59.876,8899,8899,8899,0,15
59.894,8933,8933,8933,0,15
59.901,8933,8933,8933,0,15
59.926,8933,8933,8933,0,11
59.937,8933,8933,8933,0,23
59.995,8968,8968,8968,0,23
60.001,8968,8968,8968,0,21
60.025,8968,8968,8968,0,21
60.047,8968,8968,8968,0,4
60.078,8968,8968,8968,0,3
60.097,8968,8968,8968,0,2
60.126,8968,8968,8968,0,6
60.146,8968,8968,8968,0,7
60.148,9003,9003,9003,0,7
60.151,9003,9003,9003,0,7
60.177,9003,9003,9003,0,7
60.185,9003,9003,9003,0,27
60.277,9003,9003,9003,0,40
60.286,9003,9003,9003,0,28
60.322,9003,9003,9003,0,10
60.350,9003,9003,9003,0,10
60.350,9003,9003,9003,0,10
60.377,9003,9003,9003,0,27
60.393,9003,9003,9003,0,15
60.401,9003,9003,9003,0,15
60.428,9003,9003,9003,0,2
60.451,9037,9037,9037,0,2
60.451,9037,9037,9037,0,2
60.477,9037,9037,9037,0,2
60.501,9037,9037,9037,0,2
60.503,9037,9037,9037,0,3
60.534,9037,9037,9037,0,23
60.577,9037,9037,9037,0,27
60.601,9037,9037,9037,0,16
60.602,9072,9072,9072,0,16
60.626,9072,9072,9072,0,16
60.677,9072,9072,9072,0,60
60.678,9125,9125,9125,0,60
60.680,9125,9125,9125,0,2
60.700,9125,9125,9125,0,2
60.727,9125,9125,9125,0,2
60.729,9161,9161,9161,0,2
60.751,9161,9161,9161,0,35
60.769,9161,9161,9161,0,22
60.775,9161,9161,9161,0,22
60.780,9197,9197,9197,0,22
60.802,9197,9197,9197,0,22
60.806,9197,9197,9197,0,14
60.826,9197,9197,9197,0,14
60.830,9233,9233,9233,0,14
60.851,9233,9233,9233,0,14
60.875,9233,9233,9233,0,3
60.876,9233,9233,9233,0,3
60.881,9233,9233,9233,0,2
60.975,9233,9233,9233,0,3
60.981,9269,9269,9269,0,3
61.001,9269,9269,9269,0,3
61.015,9269,9269,9269,0,16
61.026,9269,9269,9269,0,16
61.077,9269,9269,9269,0,9
61.082,9305,9305,9305,0,9
61.085,9305,9305,9305,0,9
61.101,9305,9305,9305,0,9
61.124,9305,9305,9305,0,8
61.126,9305,9305,9305,0,8
61.152,9305,9305,9305,0,9
61.183,9305,9305,9305,0,9
61.190,9305,9305,9305,0,37
61.201,9305,9305,9305,0,37
61.224,9305,9305,9305,0,16
61.226,9305,9305,9305,0,16
61.260,9305,9305,9305,0,3
61.283,9341,9341,9341,0,3
61.301,9341,9341,9341,0,2
61.327,9341,9341,9341,0,2
61.330,9341,9341,9341,0,2
61.366,9341,9341,9341,0,21
61.426,9341,9341,9341,0,12
61.435,9378,9378,9378,0,12
61.451,9378,9378,9378,0,12
61.471,9378,9378,9378,0,19
61.475,9378,9378,9378,0,19
61.506,9378,9378,9378,0,2
61.536,9413,9413,9413,0,2
61.551,9413,9413,9413,0,4
61.575,9413,9413,9413,0,3
61.611,9413,9413,9413,0,2
61.637,9413,9413,9413,0,2
61.646,9413,9413,9413,0,37
61.650,9413,9413,9413,0,37
61.677,9413,9413,9413,0,23
61.687,9450,9450,9450,0,23
61.700,9450,9450,9450,0,23
61.716,9450,9450,9450,0,19
61.727,9450,9450,9450,0,19
61.738,9450,9450,9450,0,12
61.787,9450,9450,9450,0,17
61.788,9487,9487,9487,0,17
61.800,9487,9487,9487,0,17
61.822,9487,9487,9487,0,16
61.826,9487,9487,9487,0,16
61.857,9487,9487,9487,0,13
61.890,9525,9525,9525,0,10
61.901,9525,9525,9525,0,10
61.925,9525,9525,9525,0,7
61.962,9525,9525,9525,0,6
61.992,9526,9526,9526,0,6
62.000,9526,9526,9526,0,6
62.025,9526,9526,9526,0,2
62.067,9526,9526,9526,0,17
62.093,9526,9526,9526,0,17
62.101,9526,9526,9526,0,33
62.126,9526,9526,9526,0,37
62.172,9526,9526,9526,0,8
62.193,9563,9563,9563,0,1
62.202,9563,9563,9563,0,1
62.226,9563,9563,9563,0,1
62.242,9563,9563,9563,0,9
62.245,4458,4458,4458,0,9
62.277,4458,4458,4458,0,8
62.346,4476,4476,4476,0,3
62.351,4476,4476,4476,0,3
62.376,4476,4476,4476,0,2
62.396,4493,4493,4493,0,2
62.401,4493,4493,4493,0,2
62.426,4493,4493,4493,0,2
62.447,4511,4511,4511,0,4
62.451,4511,4511,4511,0,4
62.476,4511,4511,4511,0,4
62.498,4528,4528,4528,0,4
62.501,4528,4528,4528,0,4
62.520,4528,4528,4528,0,14
62.526,4528,4528,4528,0,14
62.549,4546,4546,4546,0,7
62.552,4546,4546,4546,0,7
62.575,4546,4546,4546,0,7
62.588,4546,4546,4546,0,8
62.599,4564,4564,4564,0,8
62.601,4564,4564,4564,0,18
62.626,4564,4564,4564,0,18
62.649,4581,4581,4581,0,2
62.651,4581,4581,4581,0,2
62.677,4581,4581,4581,0,6
62.699,4599,4599,4599,0,6
62.702,4599,4599,4599,0,6
62.726,4599,4599,4599,0,5
62.750,4617,4617,4617,0,5
62.750,4617,4617,4617,0,5
62.762,4617,4617,4617,0,10
62.776,4617,4617,4617,0,10
62.796,4617,4617,4617,0,3
62.800,4617,4617,4617,0,3
62.851,4635,4635,4635,0,3
62.876,4635,4635,4635,0,2
62.902,4635,4635,4635,0,2
62.903,4653,4653,4653,0,2
62.926,4653,4653,4653,0,2
62.951,4653,4653,4653,0,2
62.952,4671,4671,4671,0,2
62.969,4671,4671,4671,0,5
62.975,4671,4671,4671,0,5
63.002,4671,4671,4671,0,5
63.003,4689,4689,4689,0,5
63.026,4689,4689,4689,0,2
63.041,4689,4689,4689,0,3
63.050,4689,4689,4689,0,3
63.054,4708,4708,4708,0,3
63.077,4708,4708,4708,0,2
63.101,4708,4708,4708,0,2
63.104,4726,4726,4726,0,2
63.112,4726,4726,4726,0,2
63.126,4726,4726,4726,0,2
63.152,4726,4726,4726,0,2
63.175,4726,4726,4726,0,3
63.207,4745,4745,4745,0,3
63.225,4745,4745,4745,0,3
63.252,4745,4745,4745,0,3
63.301,4745,4745,4745,0,2
63.309,4764,4764,4764,0,2
63.322,4764,4764,4764,0,5
63.325,4764,4764,4764,0,5
63.352,4764,4764,4764,0,5
63.357,4764,4764,4764,0,10
63.360,4782,4782,4782,0,10
63.375,4782,4782,4782,0,10
63.402,4782,4782,4782,0,5
63.409,4801,4801,4801,0,5
63.425,4801,4801,4801,0,4
63.450,4801,4801,4801,0,4
63.461,4820,4820,4820,0,2
63.476,4820,4820,4820,0,2
63.502,4820,4820,4820,0,2
63.511,4839,4839,4839,0,2
63.526,4839,4839,4839,0,3
63.550,4839,4839,4839,0,3
63.563,4858,4858,4858,0,3
63.568,4858,4858,4858,0,2
63.577,4858,4858,4858,0,2
63.601,4858,4858,4858,0,2
63.612,4876,4876,4876,0,2
63.625,4876,4876,4876,0,2
63.638,4876,4876,4876,0,13
63.651,4876,4876,4876,0,13
63.662,4895,4895,4895,0,7
63.676,4895,4895,4895,0,7
63.701,4895,4895,4895,0,7
63.744,4895,4895,4895,0,10
63.763,4914,4914,4914,0,10
63.775,4914,4914,4914,0,10
63.779,4914,4914,4914,0,2
63.802,4914,4914,4914,0,2
63.813,4933,4933,4933,0,4
63.825,4933,4933,4933,0,4
63.851,4933,4933,4933,0,6
63.863,4952,4952,4952,0,6
63.877,4952,4952,4952,0,6
63.881,4952,4952,4952,0,12
63.902,4952,4952,4952,0,12
63.914,4971,4971,4971,0,2
63.925,4971,4971,4971,0,2
63.952,4971,4971,4971,0,2
63.953,4971,4971,4971,0,3
63.965,4991,4991,4991,0,3
63.975,4991,4991,4991,0,7
64.002,4991,4991,4991,0,3
64.015,5010,5010,5010,0,3
64.026,5010,5010,5010,0,3
64.051,5010,5010,5010,0,3
64.067,5030,5030,5030,0,2
64.076,5030,5030,5030,0,2
64.101,5030,5030,5030,0,2
64.117,5049,5049,5049,0,2
64.126,5049,5049,5049,0,2
64.151,5049,5049,5049,0,2
64.164,5049,5049,5049,0,3
64.167,5069,5069,5069,0,3
64.177,5069,5069,5069,0,3
64.199,5069,5069,5069,0,2
64.200,5069,5069,5069,0,2
64.219,5089,5089,5089,0,2
64.226,5089,5089,5089,0,2
64.252,5089,5089,5089,0,2
64.269,5109,5109,5109,0,2
64.276,5109,5109,5109,0,2
64.301,5109,5109,5109,0,2
64.320,5129,5129,5129,0,2
64.327,5129,5129,5129,0,2
64.351,5129,5129,5129,0,2
64.371,5149,5149,5149,0,2
64.375,5149,5149,5149,0,2
64.402,5149,5149,5149,0,2
64.422,5169,5169,5169,0,10
64.426,5169,5169,5169,0,10
64.452,5169,5169,5169,0,10
64.472,5189,5189,5189,0,6
64.475,5189,5189,5189,0,6
64.483,5189,5189,5189,0,2
64.502,5189,5189,5189,0,2
64.514,5189,5189,5189,0,2
64.523,5210,5210,5210,0,2
64.525,5210,5210,5210,0,2
64.552,5210,5210,5210,0,2
64.573,5230,5230,5230,0,3
64.577,5230,5230,5230,0,3
64.601,5230,5230,5230,0,3
64.652,5230,5230,5230,0,2
64.655,5230,5230,5230,0,3
64.674,5250,5250,5250,0,3
64.676,5250,5250,5250,0,3
64.689,5250,5250,5250,0,3
64.702,5250,5250,5250,0,3
64.724,5271,5271,5271,0,3
64.725,5271,5271,5271,0,3
64.751,5271,5271,5271,0,2
64.775,5291,5291,5291,0,2
64.775,5291,5291,5291,0,2
64.802,5291,5291,5291,0,2
64.825,5312,5312,5312,0,11
64.827,5312,5312,5312,0,11
64.850,5312,5312,5312,0,11
64.865,5312,5312,5312,0,3
64.875,5332,5332,5332,0,3
64.877,5332,5332,5332,0,3
64.900,5332,5332,5332,0,2
64.926,5332,5332,5332,0,2
64.926,5353,5353,5353,0,2
64.951,5353,5353,5353,0,2
64.970,5353,5353,5353,0,11
64.976,5353,5353,5353,0,11
65.001,5353,5353,5353,0,16
65.027,5374,5374,5374,0,16
65.041,5374,5374,5374,0,12
65.051,5374,5374,5374,0,12
65.076,5374,5374,5374,0,12
65.077,5395,5395,5395,0,12
65.101,5395,5395,5395,0,12
65.111,5395,5395,5395,0,2
65.127,5395,5395,5395,0,2
65.129,5416,5416,5416,0,2
65.150,5416,5416,5416,0,2
65.177,5416,5416,5416,0,2
65.180,5438,5438,5438,0,2
65.201,5438,5438,5438,0,3
65.226,5438,5438,5438,0,3
65.231,5459,5459,5459,0,3
65.249,5459,5459,5459,0,6
65.251,5459,5459,5459,0,6
65.277,5459,5459,5459,0,15
65.280,5480,5480,5480,0,15
65.302,5480,5480,5480,0,15
65.321,5480,5480,5480,0,3
65.327,5480,5480,5480,0,3
65.331,5501,5501,5501,0,3
65.350,5501,5501,5501,0,3
65.377,5501,5501,5501,0,4
65.381,5523,5523,5523,0,4
65.392,5523,5523,5523,0,6
65.401,5523,5523,5523,0,6
65.426,5523,5523,5523,0,6
65.433,5545,5545,5545,0,2
65.452,5545,5545,5545,0,2
65.476,5545,5545,5545,0,3
65.484,5566,5566,5566,0,3
65.501,5566,5566,5566,0,3
65.527,5566,5566,5566,0,3
65.551,5566,5566,5566,0,2
65.585,5588,5588,5588,0,2
65.600,5588,5588,5588,0,2
65.601,5588,5588,5588,0,2
65.627,5588,5588,5588,0,2
65.635,5610,5610,5610,0,3
65.652,5610,5610,5610,0,3
65.676,5610,5610,5610,0,3
65.685,5631,5631,5631,0,4
65.701,5631,5631,5631,0,4
65.727,5631,5631,5631,0,19
65.736,5653,5653,5653,0,19
65.742,5653,5653,5653,0,2
65.752,5653,5653,5653,0,2
65.776,5653,5653,5653,0,2
65.786,5675,5675,5675,0,2
65.801,5675,5675,5675,0,2
65.811,5675,5675,5675,0,6
65.826,5675,5675,5675,0,6
65.838,5698,5698,5698,0,6
65.851,5698,5698,5698,0,3
65.875,5698,5698,5698,0,3
65.887,5720,5720,5720,0,3
65.900,5720,5720,5720,0,2
65.927,5720,5720,5720,0,2
65.939,5742,5742,5742,0,2
65.951,5742,5742,5742,0,2
65.953,5742,5742,5742,0,11
65.977,5742,5742,5742,0,11
65.987,5742,5742,5742,0,2
65.989,5764,5764,5764,0,2
66.000,5764,5764,5764,0,2
66.027,5764,5764,5764,0,2
66.039,5787,5787,5787,0,4
66.050,5787,5787,5787,0,4
66.076,5787,5787,5787,0,4
66.090,5810,5810,5810,0,4
66.101,5810,5810,5810,0,4
66.127,5810,5810,5810,0,6
66.141,5832,5832,5832,0,6
66.151,5832,5832,5832,0,6
66.164,5832,5832,5832,0,3
66.176,5832,5832,5832,0,22
66.192,5855,5855,5855,0,22
66.197,5855,5855,5855,0,19
66.200,5855,5855,5855,0,19
66.227,5855,5855,5855,0,19
66.242,5878,5878,5878,0,6
66.250,5878,5878,5878,0,6
66.276,5878,5878,5878,0,6
66.293,5901,5901,5901,0,3
66.302,5901,5901,5901,0,13
66.325,5901,5901,5901,0,14
66.342,5901,5901,5901,0,3
66.393,5924,5924,5924,0,2
66.400,5924,5924,5924,0,2
66.426,5924,5924,5924,0,2
66.443,5947,5947,5947,0,2
66.452,5947,5947,5947,0,2
66.475,5947,5947,5947,0,2
66.494,5971,5971,5971,0,2
66.502,5971,5971,5971,0,2
66.526,5971,5971,5971,0,5
66.545,5994,5994,5994,0,5
66.550,5994,5994,5994,0,5
66.576,5994,5994,5994,0,10
66.596,6018,6018,6018,0,10
66.602,6018,6018,6018,0,10
66.619,6018,6018,6018,0,11
66.626,6018,6018,6018,0,11
66.647,6041,6041,6041,0,2
66.651,6041,6041,6041,0,2
66.676,6041,6041,6041,0,2
66.698,6065,6065,6065,0,2
66.701,6065,6065,6065,0,2
66.723,6065,6065,6065,0,5
66.726,6065,6065,6065,0,5
66.749,6089,6089,6089,0,2
66.751,6089,6089,6089,0,2
66.776,6089,6089,6089,0,2
66.852,6113,6113,6113,0,4
66.852,6113,6113,6113,0,4
66.876,6113,6113,6113,0,4
66.898,6113,6113,6113,0,9
66.902,6113,6113,6113,0,9
66.902,6137,6137,6137,0,9
66.926,6137,6137,6137,0,9
66.935,6137,6137,6137,0,15
66.951,6137,6137,6137,0,15
66.953,6161,6161,6161,0,15
66.968,6161,6161,6161,0,7
66.975,6161,6161,6161,0,7
67.001,6161,6161,6161,0,7
67.002,6184,6184,6184,0,7
67.027,6184,6184,6184,0,2
67.051,6184,6184,6184,0,2
67.053,6208,6208,6208,0,2
67.075,6208,6208,6208,0,2
67.101,6208,6208,6208,0,2
67.103,6232,6232,6232,0,2
67.126,6232,6232,6232,0,3
67.152,6232,6232,6232,0,3
67.154,6257,6257,6257,0,6
67.176,6257,6257,6257,0,6
67.200,6257,6257,6257,0,3
67.205,6281,6281,6281,0,3
67.227,6281,6281,6281,0,3
67.250,6281,6281,6281,0,3
67.255,6306,6306,6306,0,2
67.276,6306,6306,6306,0,2
67.285,6306,6306,6306,0,2
67.302,6306,6306,6306,0,2
67.307,6331,6331,6331,0,2
67.320,6331,6331,6331,0,3
67.327,6331,6331,6331,0,3
67.351,6331,6331,6331,0,3
67.355,6331,6331,6331,0,16
67.358,6356,6356,6356,0,16
67.375,6356,6356,6356,0,16
67.402,6356,6356,6356,0,9
67.409,6381,6381,6381,0,9
67.425,6381,6381,6381,0,6
67.452,6381,6381,6381,0,6
67.459,6405,6405,6405,0,6
67.476,6405,6405,6405,0,17
67.501,6405,6405,6405,0,16
67.510,6431,6431,6431,0,16
67.527,6431,6431,6431,0,16
67.531,6431,6431,6431,0,15
67.551,6431,6431,6431,0,15
67.559,6455,6455,6455,0,15
67.566,6455,6455,6455,0,3
67.576,6455,6455,6455,0,3
67.601,6455,6455,6455,0,3
67.610,6480,6480,6480,0,3
67.626,6480,6480,6480,0,3
67.651,6480,6480,6480,0,2
67.661,6506,6506,6506,0,2
67.672,6506,6506,6506,0,3
67.675,6506,6506,6506,0,3
67.702,6506,6506,6506,0,3
67.706,6506,6506,6506,0,3
67.711,6531,6531,6531,0,3
67.725,6531,6531,6531,0,3
67.740,6531,6531,6531,0,2
67.751,6531,6531,6531,0,2
67.762,6556,6556,6556,0,2
67.775,6556,6556,6556,0,20
67.802,6556,6556,6556,0,20
67.810,6556,6556,6556,0,13
67.813,6582,6582,6582,0,13
67.826,6582,6582,6582,0,13
67.846,6582,6582,6582,0,4
67.852,6582,6582,6582,0,4
67.864,6608,6608,6608,0,4
67.875,6608,6608,6608,0,2
67.902,6608,6608,6608,0,2
67.914,6634,6634,6634,0,2
67.926,6634,6634,6634,0,2
67.952,6634,6634,6634,0,8
67.955,6634,6634,6634,0,3
67.964,6659,6659,6659,0,3
67.975,6659,6659,6659,0,2
68.002,6659,6659,6659,0,2
68.015,6685,6685,6685,0,27
68.025,6685,6685,6685,0,27
68.052,6685,6685,6685,0,12
68.067,6712,6712,6712,0,12
68.075,6712,6712,6712,0,12
68.091,6712,6712,6712,0,3
68.102,6712,6712,6712,0,3
68.117,6738,6738,6738,0,3
68.125,6738,6738,6738,0,3
68.152,6738,6738,6738,0,2
68.167,6764,6764,6764,0,2
68.176,6764,6764,6764,0,2
68.195,6764,6764,6764,0,3
68.201,6764,6764,6764,0,7
68.218,6791,6791,6791,0,7
68.227,6791,6791,6791,0,7
68.232,6791,6791,6791,0,2
68.251,6791,6791,6791,0,2
68.264,6791,6791,6791,0,2
68.269,6817,6817,6817,0,2
68.276,6817,6817,6817,0,10
68.301,6817,6817,6817,0,10
68.320,6844,6844,6844,0,3
68.326,6844,6844,6844,0,3
68.335,6844,6844,6844,0,15
68.352,6844,6844,6844,0,15
68.369,6870,6870,6870,0,19
68.375,6870,6870,6870,0,19
68.402,6870,6870,6870,0,13
68.420,6897,6897,6897,0,13
68.426,6897,6897,6897,0,13
68.451,6897,6897,6897,0,13
68.470,6924,6924,6924,0,13
68.476,6924,6924,6924,0,13
68.502,6924,6924,6924,0,3
68.520,6950,6950,6950,0,2
68.525,6950,6950,6950,0,2
68.552,6950,6950,6950,0,2
68.571,6978,6978,6978,0,3
68.576,6978,6978,6978,0,4
68.601,6978,6978,6978,0,4
68.618,6978,6978,6978,0,3
68.621,7004,7004,7004,0,3
68.626,7004,7004,7004,0,3
68.651,7004,7004,7004,0,3
68.671,7032,7032,7032,0,2
68.677,7032,7032,7032,0,2
68.701,7032,7032,7032,0,2
68.722,7060,7060,7060,0,2
68.725,7060,7060,7060,0,2
68.752,7060,7060,7060,0,13
68.772,7086,7086,7086,0,13
68.776,7086,7086,7086,0,12
68.802,7086,7086,7086,0,12
68.822,7114,7114,7114,0,3
68.825,7114,7114,7114,0,3
68.852,7114,7114,7114,0,2
68.866,7114,7114,7114,0,20
68.873,7142,7142,7142,0,20
68.875,7142,7142,7142,0,2
68.900,7142,7142,7142,0,2
68.924,7170,7170,7170,0,18
68.926,7170,7170,7170,0,18
68.952,7170,7170,7170,0,18
68.966,7170,7170,7170,0,8
68.974,7198,7198,7198,0,8
68.975,7198,7198,7198,0,8
69.001,7198,7198,7198,0,4
69.025,7226,7226,7226,0,2
69.027,7226,7226,7226,0,2
69.052,7226,7226,7226,0,8
69.072,7226,7226,7226,0,11
69.076,7254,7254,7254,0,11
69.076,7254,7254,7254,0,11
69.102,7254,7254,7254,0,12
69.125,7282,7282,7282,0,12
69.125,7282,7282,7282,0,12
69.142,7282,7282,7282,0,2
69.152,7282,7282,7282,0,2
69.175,7310,7310,7310,0,11
69.175,7310,7310,7310,0,11
69.201,7310,7310,7310,0,11
69.213,7310,7310,7310,0,10
69.226,7339,7339,7339,0,10
69.227,7339,7339,7339,0,10
69.247,7339,7339,7339,0,9
69.250,7339,7339,7339,0,9
69.277,7339,7339,7339,0,8
69.278,7368,7368,7368,0,8
69.300,7368,7368,7368,0,8
69.322,7368,7368,7368,0,2
69.326,7368,7368,7368,0,2
69.379,7396,7396,7396,0,28
69.402,7396,7396,7396,0,28
69.422,7396,7396,7396,0,3
69.425,7396,7396,7396,0,3
69.431,7426,7426,7426,0,3
69.451,7426,7426,7426,0,3
69.476,7426,7426,7426,0,2
69.480,7454,7454,7454,0,2
69.502,7454,7454,7454,0,2
69.525,7454,7454,7454,0,3
69.530,7483,7483,7483,0,3
69.552,7483,7483,7483,0,2
69.577,7483,7483,7483,0,8
69.581,7512,7512,7512,0,8
69.602,7512,7512,7512,0,8
69.626,7512,7512,7512,0,3
69.632,7542,7542,7542,0,3
69.650,7542,7542,7542,0,4
69.670,7542,7542,7542,0,11
69.677,7542,7542,7542,0,11
69.682,7571,7571,7571,0,11
69.701,7571,7571,7571,0,6
69.725,7571,7571,7571,0,6
69.733,7601,7601,7601,0,6
69.738,7601,7601,7601,0,5
69.752,7601,7601,7601,0,5
69.775,7601,7601,7601,0,5
69.778,7601,7601,7601,0,13
69.826,7601,7601,7601,0,31
69.835,7631,7631,7631,0,31
69.852,7631,7631,7631,0,24
69.875,7631,7631,7631,0,24
69.886,7661,7661,7661,0,18
69.902,7661,7661,7661,0,19
69.914,7661,7661,7661,0,9
69.925,7661,7661,7661,0,9
69.936,7690,7690,7690,0,9
69.948,7690,7690,7690,0,18
69.952,7690,7690,7690,0,18
69.976,7690,7690,7690,0,18
69.983,7690,7690,7690,0,20
69.987,7720,7720,7720,0,20
70.001,7720,7720,7720,0,20
70.026,7720,7720,7720,0,12
70.037,7750,7750,7750,0,12
70.051,7750,7750,7750,0,12
70.076,7750,7750,7750,0,13
70.088,7781,7781,7781,0,13
70.101,7781,7781,7781,0,19
70.124,7781,7781,7781,0,2
70.127,7781,7781,7781,0,2
70.138,7781,7781,7781,0,2
70.150,7781,7781,7781,0,2
70.176,7781,7781,7781,0,5
70.188,7811,7811,7811,0,5
70.202,7811,7811,7811,0,5
70.225,7811,7811,7811,0,5
70.233,7811,7811,7811,0,11
70.290,7841,7841,7841,0,11
70.298,7841,7841,7841,0,41
70.301,7841,7841,7841,0,41
70.325,7841,7841,7841,0,20
70.340,7841,7841,7841,0,20
70.351,7841,7841,7841,0,20
70.369,7841,7841,7841,0,16
70.376,7841,7841,7841,0,16
70.391,7841,7841,7841,0,16
70.401,7841,7841,7841,0,16
70.404,7841,7841,7841,0,15
70.426,7841,7841,7841,0,15
70.439,7841,7841,7841,0,7
70.442,7842,7842,7842,0,7
70.451,7842,7842,7842,0,7
70.474,7842,7842,7842,0,7
70.477,7842,7842,7842,0,7
70.492,7872,7872,7872,0,19
70.501,7872,7872,7872,0,19
70.525,7872,7872,7872,0,12
70.544,7904,7904,7904,0,12
70.552,7904,7904,7904,0,12
70.576,7904,7904,7904,0,9
70.594,7904,7904,7904,0,9
70.601,7904,7904,7904,0,4
70.626,7904,7904,7904,0,4
70.645,7935,7935,7935,0,4
70.652,7935,7935,7935,0,4
70.676,7935,7935,7935,0,5
70.720,7935,7935,7935,0,2
70.746,7965,7965,7965,0,2
70.750,7965,7965,7965,0,2
70.776,7965,7965,7965,0,32
70.789,7965,7965,7965,0,2
70.796,7995,7995,7995,0,2
70.801,7995,7995,7995,0,2
70.825,7995,7995,7995,0,2
70.847,8027,8027,8027,0,2
70.850,8027,8027,8027,0,2
70.876,8027,8027,8027,0,2
70.897,8058,8058,8058,0,2
70.902,8058,8058,8058,0,2
70.925,8058,8058,8058,0,2
70.948,8058,8058,8058,0,3
70.952,8058,8058,8058,0,3
70.976,8058,8058,8058,0,3
70.998,8088,8088,8088,0,11
71.001,8088,8088,8088,0,11
71.027,8088,8088,8088,0,19
71.048,8088,8088,8088,0,19
71.052,8088,8088,8088,0,19
71.071,8088,8088,8088,0,9
71.076,8088,8088,8088,0,9
71.098,8120,8120,8120,0,9
71.101,8120,8120,8120,0,9
71.107,8120,8120,8120,0,2
71.126,8120,8120,8120,0,2
71.175,8120,8120,8120,0,6
71.200,8152,8152,8152,0,5
71.200,8152,8152,8152,0,5
71.226,8152,8152,8152,0,5
71.245,8152,8152,8152,0,12
71.249,8183,8183,8183,0,12
71.252,8183,8183,8183,0,12
71.276,8183,8183,8183,0,2
71.280,8183,8183,8183,0,9
71.300,8183,8183,8183,0,9
71.300,8183,8183,8183,0,9
71.315,8183,8183,8183,0,9
71.326,8183,8183,8183,0,9
71.350,8215,8215,8215,0,9
71.351,8215,8215,8215,0,9
71.351,8215,8215,8215,0,3
71.376,8215,8215,8215,0,3
71.400,8215,8215,8215,0,3
71.451,8215,8215,8215,0,2
71.452,8247,8247,8247,0,2
71.476,8247,8247,8247,0,2
71.500,8247,8247,8247,0,3
71.501,8247,8247,8247,0,3
71.526,8247,8247,8247,0,3
71.551,8247,8247,8247,0,5
71.552,8279,8279,8279,0,5
71.577,8279,8279,8279,0,5
71.601,8279,8279,8279,0,5
71.602,8312,8312,8312,0,5
71.626,8312,8312,8312,0,2
71.652,8312,8312,8312,0,2
71.652,8344,8344,8344,0,2
71.676,8344,8344,8344,0,2
71.702,8344,8344,8344,0,9
71.704,8377,8377,8377,0,9
71.727,8377,8377,8377,0,16
71.738,8377,8377,8377,0,6
71.751,8377,8377,8377,0,6
71.755,8377,8377,8377,0,6
71.777,8377,8377,8377,0,19
71.800,8377,8377,8377,0,19
71.807,8411,8411,8411,0,19
71.827,8411,8411,8411,0,19
71.844,8411,8411,8411,0,19
71.851,8411,8411,8411,0,19
71.856,8411,8411,8411,0,19
71.875,8411,8411,8411,0,18
71.901,8411,8411,8411,0,18
71.908,8444,8444,8444,0,18
71.926,8444,8444,8444,0,18
71.950,8444,8444,8444,0,13
71.951,8444,8444,8444,0,13
71.958,8444,8444,8444,0,7
71.976,8444,8444,8444,0,7
71.984,8444,8444,8444,0,14
72.002,8444,8444,8444,0,14
72.008,8477,8477,8477,0,14
72.026,8477,8477,8477,0,18
72.051,8477,8477,8477,0,18
72.058,8510,8510,8510,0,18
72.076,8510,8510,8510,0,4
72.091,8510,8510,8510,0,4
72.102,8510,8510,8510,0,4
72.108,8543,8543,8543,0,4
72.126,8543,8543,8543,0,4
72.127,8543,8543,8543,0,25
72.151,8543,8543,8543,0,25
72.175,8543,8543,8543,0,31
72.209,8576,8576,8576,0,30
72.227,8576,8576,8576,0,30
72.251,8576,8576,8576,0,13
72.259,8609,8609,8609,0,13
72.275,8609,8609,8609,0,13
72.299,8609,8609,8609,0,18
72.302,8609,8609,8609,0,18
72.310,8609,8609,8609,0,18
72.326,8609,8609,8609,0,20
72.350,8609,8609,8609,0,8
72.359,8610,8610,8610,0,8
72.370,8610,8610,8610,0,9
72.376,8610,8610,8610,0,9
72.401,8610,8610,8610,0,19
72.425,8610,8610,8610,0,4
72.451,8610,8610,8610,0,3
72.460,8610,8610,8610,0,3
72.477,8610,8610,8610,0,3
72.501,8610,8610,8610,0,2
72.511,8643,8643,8643,0,2
72.526,8643,8643,8643,0,2
72.548,8643,8643,8643,0,17
72.551,8643,8643,8643,0,5
72.601,8643,8643,8643,0,4
72.611,8643,8643,8643,0,4
72.626,8643,8643,8643,0,4
72.648,8643,8643,8643,0,22
72.651,8643,8643,8643,0,22
72.676,8643,8643,8643,0,3
72.712,8643,8643,8643,0,12
72.750,8643,8643,8643,0,2
72.754,8643,8643,8643,0,21
72.790,8643,8643,8643,0,10
72.814,8678,8678,8678,0,10
72.824,8678,8678,8678,0,10
72.825,8678,8678,8678,0,10
72.852,8678,8678,8678,0,10
72.859,8678,8678,8678,0,2
72.965,8711,8711,8711,0,2
72.976,8711,8711,8711,0,2
73.001,8711,8711,8711,0,3
73.038,8711,8711,8711,0,2
73.066,8711,8711,8711,0,9
73.077,8711,8711,8711,0,9
73.101,8711,8711,8711,0,16
73.116,8711,8711,8711,0,22
73.139,8711,8711,8711,0,21
73.168,8747,8747,8747,0,21
73.175,8747,8747,8747,0,2
73.177,8747,8747,8747,0,2
73.200,8747,8747,8747,0,2
73.210,8747,8747,8747,0,10
73.217,8747,8747,8747,0,10
73.227,8747,8747,8747,0,10
73.251,8747,8747,8747,0,10
73.268,8781,8781,8781,0,2
73.276,8781,8781,8781,0,2
73.301,8781,8781,8781,0,6
73.350,8781,8781,8781,0,2
73.351,8781,8781,8781,0,6
73.401,8781,8781,8781,0,2
73.420,8815,8815,8815,0,3
73.427,8815,8815,8815,0,3
73.450,8815,8815,8815,0,2
73.471,8815,8815,8815,0,20
73.522,8815,8815,8815,0,20
73.526,8815,8815,8815,0,20
73.552,8815,8815,8815,0,39
73.561,8815,8815,8815,0,29
73.595,8815,8815,8815,0,2
73.624,8850,8850,8850,0,5
73.626,8850,8850,8850,0,5
73.651,8850,8850,8850,0,5
73.665,8850,8850,8850,0,18
73.673,8850,8850,8850,0,18
73.675,8850,8850,8850,0,2
73.702,8850,8850,8850,0,2
73.723,8884,8884,8884,0,3
73.727,8884,8884,8884,0,3
73.752,8884,8884,8884,0,5
73.773,8884,8884,8884,0,2
73.775,8919,8919,8919,0,2
73.775,8919,8919,8919,0,2
73.802,8919,8919,8919,0,2
73.808,8919,8919,8919,0,3
73.876,8919,8919,8919,0,2
73.876,8954,8954,8954,0,2
73.902,8954,8954,8954,0,8
73.927,8954,8954,8954,0,8
73.948,8954,8954,8954,0,23
73.976,8954,8954,8954,0,39
73.978,8954,8954,8954,0,39
74.001,8954,8954,8954,0,39
74.016,8954,8954,8954,0,40
74.025,8954,8954,8954,0,40
74.051,8954,8954,8954,0,10
74.078,8988,8988,8988,0,10
74.087,8988,8988,8988,0,7
74.101,8988,8988,8988,0,7
74.126,8988,8988,8988,0,7
74.151,8988,8988,8988,0,12
74.176,8988,8988,8988,0,5
74.202,8988,8988,8988,0,17
74.230,8988,8988,8988,0,17
74.252,8988,8988,8988,0,2
74.276,8988,8988,8988,0,2
74.280,8988,8988,8988,0,2
74.301,8988,8988,8988,0,18
74.327,8988,8988,8988,0,18
74.330,9023,9023,9023,0,18
74.351,9023,9023,9023,0,18
74.369,9023,9023,9023,0,4
74.376,9023,9023,9023,0,3
74.404,9023,9023,9023,0,4
74.450,9023,9023,9023,0,14
74.472,9023,9023,9023,0,25
74.501,9023,9023,9023,0,11
74.533,9023,9023,9023,0,11
74.543,9023,9023,9023,0,2
74.551,9023,9023,9023,0,2
74.576,9023,9023,9023,0,2
74.677,9023,9023,9023,0,17
74.684,9058,9058,9058,0,17
74.700,9058,9058,9058,0,17
74.717,9058,9058,9058,0,17
74.727,9058,9058,9058,0,17
74.755,9058,9058,9058,0,3
74.784,9093,9093,9093,0,3
74.801,9093,9093,9093,0,19
74.826,9093,9093,9093,0,19
74.851,9093,9093,9093,0,10
74.885,9093,9093,9093,0,41
74.900,9093,9093,9093,0,41
74.927,9093,9093,9093,0,27
74.961,9093,9093,9093,0,8
74.986,9129,9129,9129,0,8
74.998,9129,9129,9129,0,2
75.000,9129,9129,9129,0,2
75.027,9129,9129,9129,0,2
75.068,9129,9129,9129,0,18
75.088,9129,9129,9129,0,25
75.127,9129,9129,9129,0,3
75.138,9163,9163,9163,0,3
75.152,9163,9163,9163,0,3
75.171,9163,9163,9163,0,2
75.176,9163,9163,9163,0,2
75.189,9163,9163,9163,0,2
75.227,9163,9163,9163,0,3
75.239,9199,9199,9199,0,3
75.252,9199,9199,9199,0,3
75.277,9199,9199,9199,0,6
75.302,9199,9199,9199,0,2
75.340,9199,9199,9199,0,2
75.352,9199,9199,9199,0,2
75.377,9199,9199,9199,0,36
75.383,9199,9199,9199,0,40
75.391,9235,9235,9235,0,40
75.401,9235,9235,9235,0,40
75.418,9235,9235,9235,0,42
75.425,9235,9235,9235,0,42
75.452,9235,9235,9235,0,33
75.491,9235,9235,9235,0,33
75.500,9235,9235,9235,0,16
75.526,9235,9235,9235,0,16
75.542,9235,9235,9235,0,3
75.593,9271,9271,9271,0,32
75.601,9271,9271,9271,0,32
75.625,9271,9271,9271,0,32
75.643,9271,9271,9271,0,25
75.651,9271,9271,9271,0,25
75.677,9271,9271,9271,0,31
75.694,9308,9308,9308,0,31
75.701,9308,9308,9308,0,31
75.727,9308,9308,9308,0,15
75.736,9308,9308,9308,0,23
75.796,9308,9308,9308,0,24
75.827,9308,9308,9308,0,28
75.872,9308,9308,9308,0,16
75.896,9344,9344,9344,0,28
75.902,9344,9344,9344,0,28
75.925,9344,9344,9344,0,7
75.977,9344,9344,9344,0,6
75.997,9344,9344,9344,0,25
76.026,9344,9344,9344,0,27
76.048,9380,9380,9380,0,11
76.051,9380,9380,9380,0,11
76.077,9380,9380,9380,0,11
76.098,9380,9380,9380,0,11
76.127,9380,9380,9380,0,4
76.148,9417,9417,9417,0,4
76.151,9417,9417,9417,0,4
76.175,9417,9417,9417,0,18
76.198,9417,9417,9417,0,9
76.249,9417,9417,9417,0,10
76.294,9417,9417,9417,0,35
76.325,9417,9417,9417,0,26
76.351,9453,9453,9453,0,14
76.351,9453,9453,9453,0,14
76.377,9453,9453,9453,0,21
76.401,9453,9453,9453,0,21
76.402,9491,9491,9491,0,21
76.427,9491,9491,9491,0,29
76.451,9491,9491,9491,0,20
76.501,9527,9527,9527,0,25
76.501,9527,9527,9527,0,25
76.527,9527,9527,9527,0,11
76.552,9527,9527,9527,0,10
76.575,9527,9527,9527,0,10
76.602,9527,9527,9527,0,3
76.602,9564,9564,9564,0,3
76.625,9564,9564,9564,0,2
76.649,9564,9564,9564,0,11
76.652,9564,9564,9564,0,11
76.701,9564,9564,9564,0,10
76.712,9564,9564,9564,0,22
76.726,9564,9564,9564,0,23
76.776,9564,9564,9564,0,27
76.800,9564,9564,9564,0,3
76.851,9564,9564,9564,0,9
76.855,9565,9565,9565,0,9
76.876,9565,9565,9565,0,9
76.889,9565,9565,9565,0,27
76.900,9565,9565,9565,0,27
76.923,9565,9565,9565,0,11
76.951,9565,9565,9565,0,2
76.955,9601,9601,9601,0,2
76.976,9601,9601,9601,0,2
76.994,9601,9601,9601,0,25
77.000,9601,9601,9601,0,25
77.026,9601,9601,9601,0,12
77.056,9638,9638,9638,0,12
77.077,9638,9638,9638,0,26
77.102,9638,9638,9638,0,26
77.136,9638,9638,9638,0,7
77.169,9638,9638,9638,0,30
77.201,9638,9638,9638,0,15
77.207,9675,9675,9675,0,15
77.227,9675,9675,9675,0,15
77.239,9675,9675,9675,0,17
77.251,9675,9675,9675,0,17
77.257,9675,9675,9675,0,27
77.300,9675,9675,9675,0,25
77.308,9713,9713,9713,0,25
77.327,9713,9713,9713,0,25
77.345,9713,9713,9713,0,3
77.351,9713,9713,9713,0,3
77.376,9713,9713,9713,0,15
77.415,9713,9713,9713,0,7
77.449,9713,9713,9713,0,3
77.476,9713,9713,9713,0,4
77.502,9713,9713,9713,0,29
77.510,9751,9751,9751,0,29
77.526,9751,9751,9751,0,29
77.550,9751,9751,9751,0,21
77.561,9789,9789,9789,0,21
77.577,9789,9789,9789,0,13
77.601,9789,9789,9789,0,13
77.611,9827,9827,9827,0,13
77.627,9827,9827,9827,0,13
77.652,9827,9827,9827,0,40
77.662,9827,9827,9827,0,40
77.676,9827,9827,9827,0,40
77.695,9827,9827,9827,0,46
77.702,9827,9827,9827,0,46
77.711,9864,9864,9864,0,46
77.726,9864,9864,9864,0,34
77.752,9864,9864,9864,0,34
77.767,9864,9864,9864,0,25
77.800,9864,9864,9864,0,20
77.827,9864,9864,9864,0,24
77.863,9864,9864,9864,0,16
77.902,9864,9864,9864,0,20
77.942,9864,9864,9864,0,24
77.976,9864,9864,9864,0,23
78.002,9864,9864,9864,0,18
78.015,9865,9865,9865,0,18
78.026,9865,9865,9865,0,19
78.050,9865,9865,9865,0,19
78.065,9904,9904,9904,0,19
78.077,9904,9904,9904,0,19
78.100,9904,9904,9904,0,39
78.116,9904,9904,9904,0,40
78.151,9904,9904,9904,0,24
78.167,8659,8659,8659,0,24
78.176,8659,8659,8659,0,24
78.202,8659,8659,8659,0,24
78.217,8660,8660,8660,0,24
78.225,8660,8660,8660,0,24
78.251,8660,8660,8660,0,33
78.276,8660,8660,8660,0,29
78.318,8660,8660,8660,0,9
78.326,8660,8660,8660,0,9
78.350,8660,8660,8660,0,3
78.377,8660,8660,8660,0,19
78.395,8660,8660,8660,0,18
78.419,8660,8660,8660,0,18
78.427,8660,8660,8660,0,18
78.430,8660,8660,8660,0,30
78.451,8660,8660,8660,0,30
78.468,8660,8660,8660,0,19
78.470,8661,8661,8661,0,19
78.476,8661,8661,8661,0,19
78.502,8661,8661,8661,0,19
78.550,8661,8661,8661,0,17
78.570,8694,8694,8694,0,16
78.577,8694,8694,8694,0,16
78.600,8694,8694,8694,0,16
78.605,8694,8694,8694,0,5
78.641,8694,8694,8694,0,9
78.671,8695,8695,8695,0,9
78.675,8695,8695,8695,0,9
78.677,8695,8695,8695,0,9
78.700,8695,8695,8695,0,13
78.745,8695,8695,8695,0,3
78.772,8729,8729,8729,0,15
78.776,8729,8729,8729,0,15
78.800,8729,8729,8729,0,2
78.850,8729,8729,8729,0,11
78.923,8762,8762,8762,0,19
78.925,8762,8762,8762,0,19
78.951,8762,8762,8762,0,2
78.974,8762,8762,8762,0,2
79.002,8762,8762,8762,0,17
79.024,8796,8796,8796,0,22
79.026,8796,8796,8796,0,22
79.051,8796,8796,8796,0,22
79.060,8796,8796,8796,0,20
79.096,8796,8796,8796,0,26
79.125,8796,8796,8796,0,5
79.126,8831,8831,8831,0,5
79.151,8831,8831,8831,0,18
79.168,8831,8831,8831,0,9
79.201,8831,8831,8831,0,6
79.226,8831,8831,8831,0,7
79.226,8866,8866,8866,0,7
79.251,8866,8866,8866,0,3
79.276,8866,8866,8866,0,3
79.301,8866,8866,8866,0,6
79.307,8866,8866,8866,0,3
79.328,8901,8901,8901,0,2
79.352,8901,8901,8901,0,7
79.375,8901,8901,8901,0,7
79.379,8935,8935,8935,0,7
79.402,8935,8935,8935,0,5
79.413,8935,8935,8935,0,5
79.426,8935,8935,8935,0,5
79.430,8970,8970,8970,0,5
79.444,8970,8970,8970,0,23
79.451,8970,8970,8970,0,23
79.476,8970,8970,8970,0,23
79.481,9006,9006,9006,0,23
79.501,9006,9006,9006,0,2
79.527,9006,9006,9006,0,5
79.576,9006,9006,9006,0,2
79.582,9041,9041,9041,0,2
79.587,9041,9041,9041,0,10
79.602,9041,9041,9041,0,10
79.626,9041,9041,9041,0,10
79.632,9041,9041,9041,0,3
79.656,9041,9041,9041,0,22
79.675,9041,9041,9041,0,3
79.682,9076,9076,9076,0,3
79.695,9076,9076,9076,0,2
79.701,9076,9076,9076,0,2
79.726,9076,9076,9076,0,2
79.733,9076,9076,9076,0,2
79.763,9076,9076,9076,0,10
79.801,9076,9076,9076,0,3
79.834,9111,9111,9111,0,4
79.851,9111,9111,9111,0,4
79.869,9111,9111,9111,0,2
79.875,9111,9111,9111,0,2
79.900,9111,9111,9111,0,14
79.926,9111,9111,9111,0,29
79.936,9147,9147,9147,0,29
79.951,9147,9147,9147,0,29
79.972,9147,9147,9147,0,9
79.977,9147,9147,9147,0,9
80.001,9147,9147,9147,0,19
80.026,9147,9147,9147,0,14
80.038,9183,9183,9183,0,14
80.051,9183,9183,9183,0,14
80.077,9183,9183,9183,0,15
80.101,9183,9183,9183,0,2
80.138,9219,9219,9219,0,2
80.148,9219,9219,9219,0,25
80.151,9219,9219,9219,0,25
80.176,9219,9219,9219,0,18
80.218,9219,9219,9219,0,2
80.251,9219,9219,9219,0,3
80.276,9219,9219,9219,0,2
80.290,9219,9219,9219,0,9
80.291,9219,9219,9219,0,9
80.301,9219,9219,9219,0,9
80.326,9219,9219,9219,0,9
80.340,9219,9219,9219,0,10
80.375,9219,9219,9219,0,22
80.392,9220,9220,9220,0,22
80.393,9220,9220,9220,0,7
80.401,9220,9220,9220,0,7
80.427,9220,9220,9220,0,7
80.429,9220,9220,9220,0,26
80.463,9220,9220,9220,0,27
80.494,9257,9257,9257,0,12
80.502,9257,9257,9257,0,12
80.526,9257,9257,9257,0,28
80.533,9257,9257,9257,0,10
80.576,9257,9257,9257,0,25
80.594,9293,9293,9293,0,25
80.601,9293,9293,9293,0,4
80.626,9293,9293,9293,0,4
80.638,9293,9293,9293,0,4
80.674,9293,9293,9293,0,7
80.725,9293,9293,9293,0,24
80.747,9331,9331,9331,0,24
80.752,9331,9331,9331,0,8
80.777,9331,9331,9331,0,8
80.795,9366,9366,9366,0,8
80.801,9366,9366,9366,0,8
80.812,9366,9366,9366,0,47
80.827,9366,9366,9366,0,47
80.846,9366,9366,9366,0,44
80.897,9366,9366,9366,0,14
80.918,9366,9366,9366,0,4
80.948,9402,9402,9402,0,4
80.950,9402,9402,9402,0,4
80.976,9402,9402,9402,0,7
80.989,9402,9402,9402,0,8
81.048,9439,9439,9439,0,18
81.050,9439,9439,9439,0,18
81.076,9439,9439,9439,0,18
81.091,9439,9439,9439,0,10
81.149,9439,9439,9439,0,3
81.175,9439,9439,9439,0,17
81.200,9440,9440,9440,0,17
81.202,9440,9440,9440,0,17
81.226,9440,9440,9440,0,17
81.234,9440,9440,9440,0,17
81.266,9440,9440,9440,0,13
81.301,9440,9440,9440,0,18
81.301,9440,9440,9440,0,18
81.326,9440,9440,9440,0,10
81.350,9440,9440,9440,0,19
81.401,9440,9440,9440,0,22
81.402,9476,9476,9476,0,22
81.427,9476,9476,9476,0,1
81.452,9476,9476,9476,0,1
81.476,9476,9476,9476,0,8
81.501,9476,9476,9476,0,19
81.503,9513,9513,9513,0,19
81.515,9513,9513,9513,0,18
81.527,9513,9513,9513,0,18
81.548,9513,9513,9513,0,3
81.551,9513,9513,9513,0,3
81.576,9513,9513,9513,0,9
81.602,9513,9513,9513,0,10
81.652,9513,9513,9513,0,5
81.654,9550,9550,9550,0,5
81.676,9550,9550,9550,0,13
81.699,9550,9550,9550,0,15
81.701,9550,9550,9550,0,15
81.752,9550,9550,9550,0,14
81.755,9587,9587,9587,0,14
81.776,9587,9587,9587,0,14
81.802,9587,9587,9587,0,14
81.806,9625,9625,9625,0,14
81.826,9625,9625,9625,0,14
81.851,9625,9625,9625,0,110
81.899,9625,9625,9625,0,91
81.933,9625,9625,9625,0,76
81.950,9625,9625,9625,0,84
81.958,9700,9700,9700,0,84
81.977,9700,9700,9700,0,84
82.000,9700,9700,9700,0,59
82.040,9700,9700,9700,0,56
82.074,9700,9700,9700,0,72
82.110,9700,9700,9700,0,51
82.146,9700,9700,9700,0,50
82.162,9739,9739,9739,0,50
82.176,9739,9739,9739,0,50
82.202,9739,9739,9739,0,52
82.211,9776,9776,9776,0,52
82.216,9776,9776,9776,0,61
82.227,9776,9776,9776,0,61
82.250,9776,9776,9776,0,43
82.262,9814,9814,9814,0,43
82.275,9814,9814,9814,0,43
82.285,9814,9814,9814,0,29
82.302,9814,9814,9814,0,29
82.312,9853,9853,9853,0,29
82.325,9853,9853,9853,0,29
82.351,9853,9853,9853,0,20
82.376,9853,9853,9853,0,31
82.414,9853,9853,9853,0,5
82.425,9853,9853,9853,0,5
82.452,9853,9853,9853,0,5
82.458,9853,9853,9853,0,6
82.476,9853,9853,9853,0,23
82.514,9853,9853,9853,0,2
82.565,9853,9853,9853,0,2
82.567,9853,9853,9853,0,27
82.576,9853,9853,9853,0,27
82.601,9853,9853,9853,0,27
82.603,9853,9853,9853,0,27
82.615,9853,9853,9853,0,27
82.627,9853,9853,9853,0,27
82.652,9853,9853,9853,0,24
82.666,9853,9853,9853,0,24
82.701,9853,9853,9853,0,35
82.739,9853,9853,9853,0,21
82.768,9853,9853,9853,0,21
82.776,9853,9853,9853,0,21
82.801,9853,9853,9853,0,21
82.810,9853,9853,9853,0,9
82.826,9853,9853,9853,0,2
82.852,9853,9853,9853,0,12
82.868,9853,9853,9853,0,12
82.876,9853,9853,9853,0,12
82.880,9853,9853,9853,0,18
82.900,9853,9853,9853,0,18
82.919,9853,9853,9853,0,17
82.952,9853,9853,9853,0,16
82.969,9853,9853,9853,0,25
83.000,9853,9853,9853,0,6
83.020,9853,9853,9853,0,6
83.026,9853,9853,9853,0,6
83.052,9853,9853,9853,0,6
83.059,9853,9853,9853,0,6
83.071,9853,9853,9853,0,6
83.075,9853,9853,9853,0,6
83.088,9853,9853,9853,0,25
83.102,9853,9853,9853,0,25
83.122,9853,9853,9853,0,36
83.151,9853,9853,9853,0,23
83.195,9853,9853,9853,0,5
83.221,9891,9891,9891,0,5
83.225,9891,9891,9891,0,5
83.252,9891,9891,9891,0,7
83.266,9891,9891,9891,0,4
83.300,9891,9891,9891,0,3
83.322,9891,9891,9891,0,5
83.325,9891,9891,9891,0,5
83.352,9891,9891,9891,0,5
83.370,9891,9891,9891,0,3
83.374,9891,9891,9891,0,3
83.376,9891,9891,9891,0,3
83.401,9891,9891,9891,0,8
83.424,9891,9891,9891,0,14
83.476,9930,9930,9930,0,14
83.502,9930,9930,9930,0,12
83.515,9930,9930,9930,0,12
83.525,9968,9968,9968,0,12
83.526,9968,9968,9968,0,12
83.550,9968,9968,9968,0,12
83.576,9968,9968,9968,0,27
83.601,9968,9968,9968,0,28
83.626,9968,9968,9968,0,13
83.677,9968,9968,9968,0,12
83.677,10007,10007,10007,0,12
83.701,10007,10007,10007,0,10
83.723,10007,10007,10007,0,3
83.725,10007,10007,10007,0,3
83.775,10007,10007,10007,0,4
83.779,10046,10046,10046,0,4
83.791,10046,10046,10046,0,4
83.802,10046,10046,10046,0,4
83.826,10046,10046,10046,0,4
83.851,10046,10046,10046,0,13
83.895,10046,10046,10046,0,3
83.930,10046,10046,10046,0,18
83.951,10046,10046,10046,0,18
83.967,10046,10046,10046,0,15
83.977,10046,10046,10046,0,15
83.981,10046,10046,10046,0,15
83.999,10046,10046,10046,0,15
84.000,10046,10046,10046,0,15
84.027,10046,10046,10046,0,41
84.034,10046,10046,10046,0,38
84.077,10046,10046,10046,0,23
84.100,10046,10046,10046,0,25
84.133,10085,10085,10085,0,11
84.150,10085,10085,10085,0,11
84.176,10085,10085,10085,0,21
84.202,10085,10085,10085,0,13
84.226,10085,10085,10085,0,6
84.234,10124,10124,10124,0,6
84.252,10124,10124,10124,0,6
84.277,10124,10124,10124,0,6
84.319,10124,10124,10124,0,2
84.376,10124,10124,10124,0,19
84.385,10163,10163,10163,0,19
84.402,10163,10163,10163,0,24
84.426,10163,10163,10163,0,24
84.436,10203,10203,10203,0,24
84.452,10203,10203,10203,0,24
84.457,10203,10203,10203,0,50
84.475,10203,10203,10203,0,50
84.487,5012,5012,5012,0,50
84.502,5012,5012,5012,0,23
84.525,5012,5012,5012,0,12
84.538,4690,4690,4690,0,12
84.576,4690,4690,4690,0,23
84.598,4690,4690,4690,0,6
84.651,4690,4690,4690,0,16
84.667,4690,4690,4690,0,17
84.688,4692,4692,4692,0,17
84.701,4692,4692,4692,0,16
84.727,4692,4692,4692,0,16
84.739,4710,4710,4710,0,17
84.750,4710,4710,4710,0,17
84.774,4710,4710,4710,0,10
84.777,4710,4710,4710,0,10
84.790,4729,4729,4729,0,10
84.801,4729,4729,4729,0,5
84.825,4729,4729,4729,0,4
84.840,4747,4747,4747,0,4
84.852,4747,4747,4747,0,4
84.875,4747,4747,4747,0,3
84.892,4766,4766,4766,0,16
84.901,4766,4766,4766,0,16
84.925,4766,4766,4766,0,16
84.941,4784,4784,4784,0,2
84.952,4784,4784,4784,0,2
84.976,4784,4784,4784,0,2
84.992,4803,4803,4803,0,2
85.001,4803,4803,4803,0,2
85.026,4803,4803,4803,0,2
85.043,4821,4821,4821,0,5
85.050,4821,4821,4821,0,5
85.076,4821,4821,4821,0,5
85.086,4821,4821,4821,0,2
85.145,4841,4841,4841,0,8
85.150,4841,4841,4841,0,8
85.176,4841,4841,4841,0,2
85.246,4860,4860,4860,0,2
85.252,4860,4860,4860,0,2
85.262,4860,4860,4860,0,13
85.275,4860,4860,4860,0,4
85.296,4879,4879,4879,0,4
85.301,4879,4879,4879,0,4
85.326,4879,4879,4879,0,3
85.348,4898,4898,4898,0,6
85.352,4898,4898,4898,0,6
85.366,4898,4898,4898,0,5
85.376,4898,4898,4898,0,5
85.398,4917,4917,4917,0,3
85.400,4917,4917,4917,0,3
